Order_ID,Order_Date,Region,Country,City,Product_Category,Product_Name,Sales_Representative,Customer_Type,Quantity,Unit_Price,Sales_Amount,Cost_Amount,Profit
1001,2025-03-13,North,India,Delhi,Electronics,Laptop,Priya Mehta,Corporate,9,55000,495000,308616.44,186383.56
1002,2025-09-16,North,India,Delhi,Electronics,Laptop,Neha Gupta,Corporate,3,55000,165000,101572.58,63427.42
1003,2025-01-04,South,India,Bengaluru,Furniture,Office Chair,Karan Patel,Corporate,19,5000,95000,60178.44,34821.56
1004,2025-06-22,East,India,Kolkata,Electronics,Smartphone,Priya Mehta,Corporate,7,30000,210000,175804.42,34195.58
1005,2025-01-23,North,India,Chandigarh,Electronics,Tablet,Priya Mehta,Corporate,12,20000,240000,175468.27,64531.73
1006,2025-11-13,North,India,Chandigarh,Furniture,Desk,Neha Gupta,Retail,10,15000,150000,119823.21,30176.79
1007,2025-02-10,North,India,Delhi,Furniture,Conference Table,Priya Mehta,Corporate,8,40000,320000,250214.56,69785.44
1008,2025-07-01,East,India,Kolkata,Furniture,Office Chair,Vikram Singh,Retail,12,5000,60000,35927.77,24072.23
1009,2025-07-14,South,India,Chennai,Furniture,Desk,Neha Gupta,Corporate,8,15000,120000,71882.49,48117.51
1010,2025-07-25,North,India,Chandigarh,Electronics,Smartphone,Priya Mehta,Retail,2,30000,60000,47490.82,12509.18
1011,2025-11-26,East,India,Bhubaneswar,Electronics,Smartphone,Rahul Nair,Corporate,16,30000,480000,320970.99,159029.01
1012,2025-10-27,South,India,Chennai,Electronics,Smartphone,Karan Patel,Corporate,18,30000,540000,384314.32,155685.68
1013,2025-01-25,South,India,Bengaluru,Electronics,Smartphone,Rahul Nair,Retail,17,30000,510000,356007.92,153992.08
1014,2025-11-02,West,India,Pune,Furniture,Desk,Vikram Singh,Retail,3,15000,45000,29944.36,15055.64
1015,2025-11-25,North,India,Chandigarh,Furniture,Conference Table,Priya Mehta,Corporate,18,40000,720000,558189.6,161810.4
1016,2025-05-15,West,India,Mumbai,Electronics,Smartphone,Priya Mehta,Corporate,15,30000,450000,247938.12,202061.88
1017,2025-10-04,South,India,Bengaluru,Electronics,Smartphone,Ananya Rao,Corporate,12,30000,360000,280351.17,79648.83
1018,2025-06-07,North,India,Delhi,Electronics,Laptop,Amit Sharma,Retail,12,55000,660000,536986.93,123013.07
1019,2025-09-30,North,India,Delhi,Electronics,Laptop,Rahul Nair,Corporate,16,55000,880000,699430.14,180569.86
1020,2025-08-05,South,India,Bengaluru,Electronics,Tablet,Neha Gupta,Corporate,17,20000,340000,275988.17,64011.83
1021,2025-09-22,West,India,Pune,Furniture,Conference Table,Priya Mehta,Retail,12,40000,480000,327086.41,152913.59
1022,2025-10-11,South,India,Bengaluru,Electronics,Laptop,Neha Gupta,Retail,11,55000,605000,336567.72,268432.28
1023,2025-01-17,North,India,Chandigarh,Furniture,Conference Table,Priya Mehta,Retail,2,40000,80000,49494.6,30505.4
1024,2025-03-09,East,India,Bhubaneswar,Furniture,Conference Table,Neha Gupta,Corporate,16,40000,640000,393133.47,246866.53
1025,2025-08-09,West,India,Pune,Electronics,Smartphone,Karan Patel,Corporate,4,30000,120000,69489.51,50510.49
1026,2025-12-01,West,India,Mumbai,Stationery,Printer Paper,Amit Sharma,Corporate,206,300,61800,34994.33,26805.67
1027,2025-04-09,East,India,Kolkata,Stationery,Printer Paper,Sneha Joshi,Retail,240,300,72000,41960.21,30039.79
1028,2025-02-08,West,India,Pune,Electronics,Smartphone,Priya Mehta,Retail,9,30000,270000,185972.87,84027.13
1029,2025-09-06,North,India,Chandigarh,Electronics,Laptop,Neha Gupta,Corporate,8,55000,440000,263953.07,176046.93
1030,2025-07-19,North,India,Chandigarh,Electronics,Smartphone,Sneha Joshi,Corporate,13,30000,390000,214752.18,175247.82
1031,2025-09-07,West,India,Mumbai,Furniture,Conference Table,Neha Gupta,Corporate,18,40000,720000,538964.2,181035.8
1032,2025-02-01,South,India,Chennai,Electronics,Laptop,Amit Sharma,Retail,19,55000,1045000,805403.61,239596.39
1033,2025-09-18,West,India,Mumbai,Furniture,Desk,Rahul Nair,Retail,17,15000,255000,152293.6,102706.4
1034,2025-10-19,North,India,Delhi,Furniture,Conference Table,Amit Sharma,Retail,8,40000,320000,214762.45,105237.55
1035,2025-06-11,West,India,Pune,Furniture,Conference Table,Neha Gupta,Corporate,19,40000,760000,546871.74,213128.26
1036,2025-11-27,South,India,Chennai,Electronics,Tablet,Sneha Joshi,Corporate,13,20000,260000,153208.51,106791.49
1037,2025-10-16,North,India,Delhi,Electronics,Laptop,Priya Mehta,Retail,15,55000,825000,607486.92,217513.08
1038,2025-05-06,East,India,Bhubaneswar,Electronics,Smartphone,Vikram Singh,Retail,12,30000,360000,293133.33,66866.67
1039,2025-11-10,West,India,Mumbai,Stationery,Printer Paper,Vikram Singh,Retail,159,300,47700,36302.66,11397.34
1040,2025-10-11,South,India,Bengaluru,Electronics,Tablet,Vikram Singh,Corporate,4,20000,80000,65353.1,14646.9
1041,2025-11-21,South,India,Chennai,Furniture,Conference Table,Sneha Joshi,Corporate,11,40000,440000,268874.85,171125.15
1042,2025-01-23,North,India,Delhi,Electronics,Laptop,Ananya Rao,Retail,14,55000,770000,615079.41,154920.59
1043,2025-08-07,East,India,Kolkata,Electronics,Smartphone,Priya Mehta,Retail,15,30000,450000,321976.86,128023.14
1044,2025-10-26,South,India,Bengaluru,Furniture,Desk,Karan Patel,Retail,2,15000,30000,24011.36,5988.64
1045,2025-01-21,North,India,Chandigarh,Electronics,Tablet,Neha Gupta,Retail,12,20000,240000,196726.67,43273.33
1046,2025-07-28,North,India,Delhi,Electronics,Tablet,Neha Gupta,Retail,18,20000,360000,293486.55,66513.45
1047,2025-06-20,South,India,Chennai,Furniture,Office Chair,Neha Gupta,Corporate,1,5000,5000,3019.04,1980.96
1048,2025-01-20,South,India,Chennai,Stationery,Printer Paper,Neha Gupta,Retail,199,300,59700,34770.99,24929.01
1049,2025-04-27,West,India,Mumbai,Electronics,Tablet,Amit Sharma,Retail,10,20000,200000,159232.18,40767.82
1050,2025-05-23,West,India,Pune,Electronics,Tablet,Karan Patel,Corporate,9,20000,180000,145675.06,34324.94
1051,2025-05-16,North,India,Delhi,Electronics,Laptop,Priya Mehta,Corporate,9,55000,495000,298767.32,196232.68
1052,2025-09-19,East,India,Kolkata,Furniture,Conference Table,Karan Patel,Retail,11,40000,440000,299603.99,140396.01
1053,2025-10-03,East,India,Kolkata,Electronics,Laptop,Ananya Rao,Corporate,14,55000,770000,423890.69,346109.31
1054,2025-12-06,North,India,Delhi,Furniture,Conference Table,Vikram Singh,Corporate,11,40000,440000,324256.51,115743.49
1055,2025-10-11,West,India,Mumbai,Electronics,Tablet,Neha Gupta,Corporate,13,20000,260000,197382.26,62617.74
1056,2025-06-04,West,India,Pune,Furniture,Conference Table,Amit Sharma,Corporate,6,40000,240000,176317.07,63682.93
1057,2025-11-07,East,India,Bhubaneswar,Electronics,Smartphone,Sneha Joshi,Corporate,14,30000,420000,330005.61,89994.39
1058,2025-03-28,West,India,Mumbai,Furniture,Conference Table,Vikram Singh,Corporate,7,40000,280000,196938.62,83061.38
1059,2025-06-08,North,India,Delhi,Stationery,Printer Paper,Neha Gupta,Retail,212,300,63600,39461.29,24138.71
1060,2025-11-09,North,India,Delhi,Electronics,Laptop,Sneha Joshi,Corporate,8,55000,440000,371879.56,68120.44
1061,2025-05-05,South,India,Bengaluru,Furniture,Conference Table,Amit Sharma,Retail,13,40000,520000,363122.84,156877.16
1062,2025-12-23,West,India,Pune,Electronics,Smartphone,Amit Sharma,Retail,6,30000,180000,142421.93,37578.07
1063,2025-12-08,North,India,Chandigarh,Furniture,Office Chair,Sneha Joshi,Corporate,5,5000,25000,19760.62,5239.38
1064,2025-05-07,West,India,Pune,Electronics,Smartphone,Sneha Joshi,Retail,16,30000,480000,328810.05,151189.95
1065,2025-05-01,East,India,Bhubaneswar,Furniture,Office Chair,Ananya Rao,Corporate,3,5000,15000,11460.95,3539.05
1066,2025-12-22,North,India,Delhi,Electronics,Smartphone,Neha Gupta,Retail,5,30000,150000,92906.77,57093.23
1067,2025-08-01,West,India,Mumbai,Furniture,Office Chair,Neha Gupta,Corporate,11,5000,55000,39203.08,15796.92
1068,2025-01-11,West,India,Pune,Stationery,Printer Paper,Sneha Joshi,Retail,169,300,50700,42274.6,8425.4
1069,2025-08-03,East,India,Kolkata,Electronics,Tablet,Sneha Joshi,Retail,13,20000,260000,209568.94,50431.06
1070,2025-06-22,East,India,Bhubaneswar,Furniture,Office Chair,Rahul Nair,Corporate,16,5000,80000,44696.6,35303.4
1071,2025-07-21,South,India,Bengaluru,Furniture,Desk,Priya Mehta,Corporate,18,15000,270000,150684.28,119315.72
1072,2025-05-14,South,India,Chennai,Stationery,Printer Paper,Ananya Rao,Retail,138,300,41400,25027.07,16372.93
1073,2025-07-14,West,India,Pune,Electronics,Tablet,Karan Patel,Corporate,11,20000,220000,171241.16,48758.84
1074,2025-01-27,North,India,Chandigarh,Furniture,Office Chair,Neha Gupta,Retail,1,5000,5000,3873.54,1126.46
1075,2025-04-13,North,India,Delhi,Stationery,Printer Paper,Rahul Nair,Retail,27,300,8100,6762.56,1337.44
1076,2025-04-22,South,India,Chennai,Furniture,Office Chair,Vikram Singh,Corporate,4,5000,20000,14383.82,5616.18
1077,2025-02-28,South,India,Bengaluru,Furniture,Desk,Vikram Singh,Retail,20,15000,300000,251736.13,48263.87
1078,2025-07-12,North,India,Chandigarh,Electronics,Tablet,Neha Gupta,Retail,19,20000,380000,286217.59,93782.41
1079,2025-11-04,South,India,Bengaluru,Electronics,Laptop,Amit Sharma,Corporate,10,55000,550000,442798.38,107201.62
1080,2025-11-28,West,India,Pune,Furniture,Conference Table,Amit Sharma,Corporate,12,40000,480000,273929.77,206070.23
1081,2025-11-22,West,India,Pune,Electronics,Laptop,Rahul Nair,Corporate,14,55000,770000,645441.93,124558.07
1082,2025-05-19,South,India,Chennai,Furniture,Conference Table,Sneha Joshi,Corporate,17,40000,680000,570956.64,109043.36
1083,2025-02-14,East,India,Bhubaneswar,Electronics,Tablet,Sneha Joshi,Retail,8,20000,160000,127875.09,32124.91
1084,2025-06-22,West,India,Mumbai,Furniture,Desk,Sneha Joshi,Corporate,20,15000,300000,225136.96,74863.04
1085,2025-05-13,South,India,Chennai,Furniture,Office Chair,Vikram Singh,Corporate,7,5000,35000,22975.66,12024.34
1086,2025-07-28,North,India,Chandigarh,Furniture,Desk,Neha Gupta,Corporate,7,15000,105000,60446.81,44553.19
1087,2025-04-24,West,India,Pune,Furniture,Office Chair,Neha Gupta,Corporate,1,5000,5000,2889.58,2110.42
1088,2025-08-06,East,India,Bhubaneswar,Furniture,Office Chair,Ananya Rao,Corporate,18,5000,90000,63834.89,26165.11
1089,2025-04-09,East,India,Bhubaneswar,Electronics,Tablet,Priya Mehta,Retail,9,20000,180000,111449.05,68550.95
1090,2025-10-29,South,India,Chennai,Electronics,Smartphone,Priya Mehta,Retail,16,30000,480000,303815.95,176184.05
1091,2025-01-08,East,India,Kolkata,Electronics,Smartphone,Vikram Singh,Retail,12,30000,360000,217379.69,142620.31
1092,2025-03-06,North,India,Chandigarh,Furniture,Desk,Priya Mehta,Retail,10,15000,150000,113883.78,36116.22
1093,2025-04-05,East,India,Kolkata,Furniture,Office Chair,Vikram Singh,Corporate,16,5000,80000,54571.25,25428.75
1094,2025-02-07,North,India,Delhi,Stationery,Printer Paper,Rahul Nair,Retail,36,300,10800,7238.29,3561.71
1095,2025-08-02,East,India,Kolkata,Electronics,Laptop,Karan Patel,Corporate,8,55000,440000,257635.61,182364.39
1096,2025-06-06,West,India,Mumbai,Electronics,Tablet,Priya Mehta,Retail,19,20000,380000,321863.56,58136.44
1097,2025-03-30,South,India,Bengaluru,Electronics,Tablet,Rahul Nair,Retail,3,20000,60000,35827.03,24172.97
1098,2025-01-17,West,India,Mumbai,Furniture,Office Chair,Vikram Singh,Corporate,20,5000,100000,69097.37,30902.63
1099,2025-11-17,West,India,Mumbai,Electronics,Laptop,Karan Patel,Retail,8,55000,440000,363956.26,76043.74
1100,2025-03-14,South,India,Bengaluru,Furniture,Conference Table,Amit Sharma,Retail,5,40000,200000,164504.69,35495.31
1101,2025-08-13,East,India,Kolkata,Furniture,Desk,Sneha Joshi,Corporate,19,15000,285000,235511.96,49488.04
1102,2025-08-13,West,India,Mumbai,Electronics,Tablet,Amit Sharma,Corporate,17,20000,340000,242078.12,97921.88
1103,2025-04-28,East,India,Kolkata,Furniture,Desk,Vikram Singh,Retail,9,15000,135000,75297.53,59702.47
1104,2025-05-23,South,India,Bengaluru,Furniture,Office Chair,Karan Patel,Corporate,17,5000,85000,63363.49,21636.51
1105,2025-06-14,North,India,Delhi,Furniture,Office Chair,Rahul Nair,Corporate,12,5000,60000,40350.27,19649.73
1106,2025-07-25,West,India,Mumbai,Furniture,Conference Table,Sneha Joshi,Retail,16,40000,640000,407337.82,232662.18
1107,2025-07-26,East,India,Kolkata,Electronics,Tablet,Sneha Joshi,Corporate,11,20000,220000,128650.83,91349.17
1108,2025-09-13,North,India,Chandigarh,Electronics,Smartphone,Amit Sharma,Retail,17,30000,510000,335852.24,174147.76
1109,2025-08-13,East,India,Bhubaneswar,Furniture,Desk,Priya Mehta,Retail,5,15000,75000,62122.64,12877.36
1110,2025-01-08,South,India,Chennai,Furniture,Conference Table,Priya Mehta,Retail,6,40000,240000,154374.01,85625.99
1111,2025-03-20,North,India,Chandigarh,Furniture,Office Chair,Vikram Singh,Corporate,4,5000,20000,14886.26,5113.74
1112,2025-05-05,West,India,Pune,Stationery,Printer Paper,Rahul Nair,Corporate,143,300,42900,36210.75,6689.25
1113,2025-03-11,South,India,Bengaluru,Furniture,Desk,Vikram Singh,Corporate,17,15000,255000,197341.38,57658.62
1114,2025-01-02,East,India,Bhubaneswar,Stationery,Printer Paper,Vikram Singh,Corporate,149,300,44700,28167.79,16532.21
1115,2025-06-20,South,India,Chennai,Furniture,Office Chair,Sneha Joshi,Corporate,18,5000,90000,62577.22,27422.78
1116,2025-04-30,South,India,Chennai,Furniture,Conference Table,Amit Sharma,Corporate,8,40000,320000,230892.57,89107.43
1117,2025-12-06,West,India,Mumbai,Furniture,Conference Table,Sneha Joshi,Retail,13,40000,520000,346228.29,173771.71
1118,2025-02-21,South,India,Chennai,Furniture,Desk,Priya Mehta,Corporate,19,15000,285000,185135.55,99864.45
1119,2025-12-02,North,India,Delhi,Furniture,Conference Table,Priya Mehta,Corporate,5,40000,200000,134598.72,65401.28
1120,2025-11-29,East,India,Kolkata,Electronics,Tablet,Ananya Rao,Corporate,20,20000,400000,303124.55,96875.45
1121,2025-01-19,East,India,Kolkata,Furniture,Conference Table,Neha Gupta,Corporate,16,40000,640000,519497.54,120502.46
1122,2025-02-20,South,India,Bengaluru,Furniture,Conference Table,Sneha Joshi,Retail,3,40000,120000,81622.97,38377.03
1123,2025-01-29,East,India,Bhubaneswar,Electronics,Laptop,Ananya Rao,Corporate,2,55000,110000,71204.36,38795.64
1124,2025-10-17,West,India,Mumbai,Electronics,Smartphone,Rahul Nair,Retail,8,30000,240000,170243.97,69756.03
1125,2025-05-04,North,India,Chandigarh,Furniture,Desk,Rahul Nair,Retail,13,15000,195000,143503.06,51496.94
1126,2025-12-08,West,India,Mumbai,Furniture,Conference Table,Sneha Joshi,Corporate,9,40000,360000,247633.61,112366.39
1127,2025-10-28,South,India,Chennai,Electronics,Laptop,Karan Patel,Corporate,15,55000,825000,687695.82,137304.18
1128,2025-07-16,West,India,Pune,Stationery,Printer Paper,Priya Mehta,Retail,97,300,29100,17744.16,11355.84
1129,2025-12-25,West,India,Pune,Furniture,Desk,Amit Sharma,Corporate,12,15000,180000,130039.84,49960.16
1130,2025-01-26,East,India,Bhubaneswar,Electronics,Laptop,Vikram Singh,Retail,19,55000,1045000,845948.63,199051.37
1131,2025-12-14,East,India,Kolkata,Electronics,Smartphone,Priya Mehta,Retail,7,30000,210000,154616.14,55383.86
1132,2025-07-06,East,India,Kolkata,Stationery,Printer Paper,Priya Mehta,Corporate,132,300,39600,22176.37,17423.63
1133,2025-03-09,East,India,Bhubaneswar,Furniture,Conference Table,Vikram Singh,Retail,14,40000,560000,337507.53,222492.47
1134,2025-06-01,East,India,Bhubaneswar,Stationery,Printer Paper,Priya Mehta,Corporate,143,300,42900,36045.23,6854.77
1135,2025-12-12,North,India,Chandigarh,Electronics,Smartphone,Ananya Rao,Retail,8,30000,240000,193930.12,46069.88
1136,2025-08-21,West,India,Pune,Electronics,Laptop,Vikram Singh,Corporate,9,55000,495000,351930.99,143069.01
1137,2025-11-14,East,India,Bhubaneswar,Electronics,Laptop,Neha Gupta,Retail,8,55000,440000,304234.95,135765.05
1138,2025-03-01,West,India,Mumbai,Furniture,Conference Table,Amit Sharma,Retail,10,40000,400000,297908.73,102091.27
1139,2025-10-03,East,India,Kolkata,Furniture,Office Chair,Karan Patel,Corporate,4,5000,20000,11583.15,8416.85
1140,2025-03-21,East,India,Bhubaneswar,Furniture,Conference Table,Priya Mehta,Corporate,18,40000,720000,486531.38,233468.62
1141,2025-04-22,West,India,Pune,Electronics,Tablet,Sneha Joshi,Retail,2,20000,40000,30283.37,9716.63
1142,2025-11-27,East,India,Bhubaneswar,Electronics,Laptop,Amit Sharma,Corporate,12,55000,660000,470804.24,189195.76
1143,2025-08-21,East,India,Kolkata,Electronics,Smartphone,Neha Gupta,Retail,4,30000,120000,100164.39,19835.61
1144,2025-03-06,North,India,Delhi,Stationery,Printer Paper,Priya Mehta,Retail,105,300,31500,19626.73,11873.27
1145,2025-03-17,South,India,Bengaluru,Stationery,Printer Paper,Vikram Singh,Retail,242,300,72600,45004.71,27595.29
1146,2025-02-26,South,India,Bengaluru,Furniture,Desk,Rahul Nair,Retail,9,15000,135000,106589.81,28410.19
1147,2025-06-15,East,India,Kolkata,Stationery,Printer Paper,Rahul Nair,Corporate,221,300,66300,41197.46,25102.54
1148,2025-02-02,North,India,Chandigarh,Electronics,Smartphone,Sneha Joshi,Corporate,14,30000,420000,297286.78,122713.22
1149,2025-11-11,North,India,Delhi,Furniture,Office Chair,Vikram Singh,Corporate,17,5000,85000,52399.52,32600.48
1150,2025-08-07,North,India,Delhi,Electronics,Laptop,Sneha Joshi,Corporate,16,55000,880000,707686.82,172313.18
1151,2025-02-03,North,India,Delhi,Electronics,Laptop,Vikram Singh,Corporate,11,55000,605000,443155.98,161844.02
1152,2025-09-16,West,India,Pune,Furniture,Desk,Priya Mehta,Retail,17,15000,255000,162809.68,92190.32
1153,2025-07-31,South,India,Chennai,Furniture,Office Chair,Sneha Joshi,Corporate,15,5000,75000,61232.05,13767.95
1154,2025-06-10,West,India,Pune,Furniture,Conference Table,Ananya Rao,Retail,4,40000,160000,103002.32,56997.68
1155,2025-02-17,West,India,Pune,Electronics,Laptop,Priya Mehta,Corporate,3,55000,165000,131922.71,33077.29
1156,2025-10-15,South,India,Chennai,Furniture,Desk,Priya Mehta,Corporate,2,15000,30000,21778.19,8221.81
1157,2025-08-05,East,India,Kolkata,Stationery,Printer Paper,Vikram Singh,Corporate,190,300,57000,47443.32,9556.68
1158,2025-03-21,East,India,Bhubaneswar,Electronics,Laptop,Neha Gupta,Retail,19,55000,1045000,733823.83,311176.17
1159,2025-05-23,East,India,Kolkata,Stationery,Printer Paper,Karan Patel,Retail,162,300,48600,32089.04,16510.96
1160,2025-06-08,East,India,Bhubaneswar,Electronics,Laptop,Ananya Rao,Retail,6,55000,330000,208553.77,121446.23
1161,2025-07-25,South,India,Bengaluru,Stationery,Printer Paper,Rahul Nair,Retail,56,300,16800,12094.26,4705.74
1162,2025-08-03,North,India,Chandigarh,Furniture,Conference Table,Ananya Rao,Retail,17,40000,680000,417887.11,262112.89
1163,2025-10-18,East,India,Kolkata,Electronics,Tablet,Amit Sharma,Retail,11,20000,220000,172271.15,47728.85
1164,2025-02-11,South,India,Chennai,Stationery,Printer Paper,Sneha Joshi,Corporate,178,300,53400,30167.2,23232.8
1165,2025-04-21,West,India,Mumbai,Furniture,Desk,Ananya Rao,Corporate,15,15000,225000,151707.4,73292.6
1166,2025-12-08,North,India,Chandigarh,Electronics,Tablet,Amit Sharma,Retail,19,20000,380000,264476.13,115523.87
1167,2025-06-04,West,India,Mumbai,Furniture,Desk,Rahul Nair,Corporate,2,15000,30000,16569.18,13430.82
1168,2025-08-09,East,India,Kolkata,Electronics,Tablet,Rahul Nair,Corporate,4,20000,80000,44185.52,35814.48
1169,2025-07-01,South,India,Bengaluru,Furniture,Desk,Karan Patel,Retail,18,15000,270000,216001.69,53998.31
1170,2025-06-10,West,India,Pune,Electronics,Laptop,Karan Patel,Corporate,15,55000,825000,681737.7,143262.3
1171,2025-06-16,East,India,Kolkata,Electronics,Laptop,Sneha Joshi,Corporate,13,55000,715000,397723.73,317276.27
1172,2025-10-29,North,India,Chandigarh,Furniture,Office Chair,Priya Mehta,Corporate,4,5000,20000,12459.9,7540.1
1173,2025-03-28,East,India,Kolkata,Furniture,Conference Table,Priya Mehta,Retail,11,40000,440000,271247.51,168752.49
1174,2025-03-16,East,India,Bhubaneswar,Electronics,Tablet,Neha Gupta,Retail,5,20000,100000,62088.07,37911.93
1175,2025-04-01,South,India,Chennai,Stationery,Printer Paper,Sneha Joshi,Corporate,214,300,64200,47935.1,16264.9
1176,2025-08-14,East,India,Kolkata,Stationery,Printer Paper,Sneha Joshi,Corporate,180,300,54000,34821.45,19178.55
1177,2025-06-30,East,India,Kolkata,Stationery,Printer Paper,Vikram Singh,Corporate,90,300,27000,19640.5,7359.5
1178,2025-05-27,West,India,Mumbai,Electronics,Laptop,Priya Mehta,Corporate,2,55000,110000,72668.34,37331.66
1179,2025-01-22,West,India,Pune,Furniture,Desk,Neha Gupta,Corporate,18,15000,270000,225792.75,44207.25
1180,2025-08-19,West,India,Mumbai,Furniture,Desk,Ananya Rao,Retail,5,15000,75000,62798.75,12201.25
1181,2025-08-13,South,India,Bengaluru,Electronics,Laptop,Ananya Rao,Corporate,8,55000,440000,335406.06,104593.94
1182,2025-12-14,East,India,Kolkata,Furniture,Office Chair,Ananya Rao,Retail,14,5000,70000,54763.76,15236.24
1183,2025-05-26,East,India,Bhubaneswar,Electronics,Laptop,Rahul Nair,Corporate,18,55000,990000,745978.67,244021.33
1184,2025-06-08,North,India,Chandigarh,Furniture,Desk,Rahul Nair,Retail,5,15000,75000,61876.8,13123.2
1185,2025-06-18,East,India,Kolkata,Furniture,Desk,Priya Mehta,Corporate,13,15000,195000,144894.36,50105.64
1186,2025-04-20,East,India,Bhubaneswar,Electronics,Laptop,Sneha Joshi,Retail,12,55000,660000,424155.48,235844.52
1187,2025-02-21,South,India,Bengaluru,Electronics,Smartphone,Ananya Rao,Retail,5,30000,150000,85972.43,64027.57
1188,2025-12-21,West,India,Mumbai,Electronics,Smartphone,Sneha Joshi,Retail,6,30000,180000,108765.68,71234.32
1189,2025-11-09,West,India,Pune,Electronics,Tablet,Sneha Joshi,Retail,8,20000,160000,134540.25,25459.75
1190,2025-04-10,South,India,Chennai,Electronics,Tablet,Sneha Joshi,Corporate,16,20000,320000,262781.54,57218.46
1191,2025-08-03,East,India,Kolkata,Stationery,Printer Paper,Neha Gupta,Retail,117,300,35100,24600.61,10499.39
1192,2025-10-11,East,India,Kolkata,Electronics,Laptop,Priya Mehta,Corporate,16,55000,880000,714766.87,165233.13
1193,2025-09-20,North,India,Delhi,Stationery,Printer Paper,Karan Patel,Retail,61,300,18300,11562.62,6737.38
1194,2025-01-14,South,India,Chennai,Stationery,Printer Paper,Amit Sharma,Corporate,135,300,40500,33023.25,7476.75
1195,2025-07-11,East,India,Kolkata,Electronics,Smartphone,Amit Sharma,Corporate,13,30000,390000,330859.47,59140.53
1196,2025-03-16,North,India,Delhi,Stationery,Printer Paper,Amit Sharma,Corporate,202,300,60600,45146.29,15453.71
1197,2025-08-29,West,India,Pune,Furniture,Conference Table,Amit Sharma,Retail,5,40000,200000,155530.47,44469.53
1198,2025-10-08,North,India,Chandigarh,Electronics,Tablet,Priya Mehta,Corporate,7,20000,140000,112068.45,27931.55
1199,2025-08-03,South,India,Chennai,Electronics,Tablet,Priya Mehta,Retail,4,20000,80000,45145.99,34854.01
1200,2025-09-21,West,India,Mumbai,Furniture,Desk,Rahul Nair,Corporate,18,15000,270000,149831.26,120168.74
1201,2025-10-20,West,India,Pune,Electronics,Laptop,Rahul Nair,Retail,20,55000,1100000,721429.29,378570.71
1202,2025-09-17,East,India,Kolkata,Electronics,Laptop,Karan Patel,Corporate,17,55000,935000,666864.99,268135.01
1203,2025-05-10,North,India,Delhi,Furniture,Conference Table,Ananya Rao,Retail,13,40000,520000,439042.15,80957.85
1204,2025-06-20,East,India,Kolkata,Electronics,Smartphone,Amit Sharma,Corporate,4,30000,120000,93774.05,26225.95
1205,2025-12-17,East,India,Bhubaneswar,Stationery,Printer Paper,Sneha Joshi,Retail,184,300,55200,33259.48,21940.52
1206,2025-04-14,South,India,Bengaluru,Electronics,Laptop,Neha Gupta,Retail,15,55000,825000,462903.49,362096.51
1207,2025-10-06,East,India,Bhubaneswar,Electronics,Tablet,Vikram Singh,Retail,17,20000,340000,227618.85,112381.15
1208,2025-01-25,South,India,Chennai,Electronics,Tablet,Vikram Singh,Retail,12,20000,240000,194073.97,45926.03
1209,2025-07-17,East,India,Bhubaneswar,Furniture,Office Chair,Rahul Nair,Corporate,13,5000,65000,50244.5,14755.5
1210,2025-02-12,West,India,Pune,Electronics,Tablet,Priya Mehta,Corporate,17,20000,340000,214205.51,125794.49
1211,2025-02-10,South,India,Chennai,Furniture,Desk,Vikram Singh,Corporate,10,15000,150000,96954.51,53045.49
1212,2025-08-16,West,India,Pune,Furniture,Desk,Sneha Joshi,Retail,14,15000,210000,125998.62,84001.38
1213,2025-01-30,East,India,Kolkata,Furniture,Desk,Karan Patel,Corporate,14,15000,210000,132796.99,77203.01
1214,2025-12-14,South,India,Chennai,Electronics,Laptop,Amit Sharma,Retail,5,55000,275000,221265.22,53734.78
1215,2025-10-18,North,India,Delhi,Electronics,Smartphone,Rahul Nair,Corporate,12,30000,360000,237112.26,122887.74
1216,2025-10-21,East,India,Kolkata,Electronics,Tablet,Ananya Rao,Corporate,15,20000,300000,233677.6,66322.4
1217,2025-02-28,East,India,Kolkata,Furniture,Conference Table,Rahul Nair,Corporate,9,40000,360000,224958.06,135041.94
1218,2025-05-14,West,India,Pune,Furniture,Desk,Neha Gupta,Corporate,4,15000,60000,37711.98,22288.02
1219,2025-02-07,West,India,Pune,Electronics,Smartphone,Rahul Nair,Corporate,4,30000,120000,70886.22,49113.78
1220,2025-06-13,North,India,Chandigarh,Stationery,Printer Paper,Priya Mehta,Corporate,194,300,58200,48903.62,9296.38
1221,2025-12-25,East,India,Kolkata,Stationery,Printer Paper,Ananya Rao,Retail,60,300,18000,13743.77,4256.23
1222,2025-09-10,North,India,Delhi,Electronics,Smartphone,Ananya Rao,Corporate,5,30000,150000,93153.13,56846.87
1223,2025-02-14,West,India,Mumbai,Stationery,Printer Paper,Vikram Singh,Corporate,161,300,48300,28445.39,19854.61
1224,2025-10-22,West,India,Mumbai,Furniture,Desk,Rahul Nair,Corporate,14,15000,210000,163957.37,46042.63
1225,2025-06-26,North,India,Delhi,Furniture,Office Chair,Rahul Nair,Retail,15,5000,75000,56552.45,18447.55
1226,2025-09-23,West,India,Mumbai,Furniture,Desk,Vikram Singh,Retail,2,15000,30000,23982.52,6017.48
1227,2025-09-23,South,India,Chennai,Electronics,Tablet,Priya Mehta,Corporate,8,20000,160000,104609.11,55390.89
1228,2025-11-17,South,India,Chennai,Furniture,Conference Table,Priya Mehta,Retail,18,40000,720000,455281.42,264718.58
1229,2025-11-06,South,India,Chennai,Electronics,Smartphone,Amit Sharma,Retail,20,30000,600000,459713.9,140286.1
1230,2025-04-18,North,India,Chandigarh,Electronics,Laptop,Amit Sharma,Corporate,19,55000,1045000,657719.63,387280.37
1231,2025-12-17,East,India,Bhubaneswar,Furniture,Conference Table,Vikram Singh,Corporate,10,40000,400000,277953.38,122046.62
1232,2025-08-01,North,India,Chandigarh,Furniture,Conference Table,Sneha Joshi,Retail,2,40000,80000,47793.93,32206.07
1233,2025-06-13,East,India,Bhubaneswar,Furniture,Desk,Karan Patel,Retail,5,15000,75000,48283.11,26716.89
1234,2025-05-04,East,India,Bhubaneswar,Furniture,Desk,Priya Mehta,Corporate,18,15000,270000,157100.9,112899.1
1235,2025-05-29,West,India,Pune,Electronics,Smartphone,Karan Patel,Retail,5,30000,150000,86856.52,63143.48
1236,2025-06-10,South,India,Bengaluru,Stationery,Printer Paper,Rahul Nair,Corporate,103,300,30900,25650.88,5249.12
1237,2025-02-16,West,India,Pune,Furniture,Office Chair,Sneha Joshi,Retail,10,5000,50000,34960.55,15039.45
1238,2025-05-25,South,India,Chennai,Furniture,Desk,Sneha Joshi,Corporate,12,15000,180000,101627.54,78372.46
1239,2025-05-16,North,India,Chandigarh,Stationery,Printer Paper,Karan Patel,Corporate,47,300,14100,9577.82,4522.18
1240,2025-04-10,North,India,Chandigarh,Furniture,Office Chair,Vikram Singh,Retail,2,5000,10000,7210.84,2789.16
1241,2025-05-24,West,India,Mumbai,Furniture,Desk,Rahul Nair,Retail,15,15000,225000,175347.28,49652.72
1242,2025-07-07,West,India,Mumbai,Electronics,Tablet,Neha Gupta,Corporate,11,20000,220000,157816.9,62183.1
1243,2025-06-20,North,India,Chandigarh,Electronics,Laptop,Sneha Joshi,Retail,2,55000,110000,65022.2,44977.8
1244,2025-07-21,South,India,Chennai,Electronics,Tablet,Ananya Rao,Corporate,20,20000,400000,258223.6,141776.4
1245,2025-12-11,East,India,Kolkata,Furniture,Office Chair,Karan Patel,Corporate,1,5000,5000,3302.54,1697.46
1246,2025-12-02,North,India,Delhi,Furniture,Desk,Amit Sharma,Corporate,16,15000,240000,151118.19,88881.81
1247,2025-07-14,South,India,Bengaluru,Furniture,Desk,Neha Gupta,Retail,20,15000,300000,234714.55,65285.45
1248,2025-08-03,North,India,Delhi,Electronics,Smartphone,Karan Patel,Retail,1,30000,30000,20469.35,9530.65
1249,2025-02-01,West,India,Mumbai,Furniture,Desk,Neha Gupta,Corporate,20,15000,300000,247846.89,52153.11
1250,2025-03-30,West,India,Pune,Furniture,Desk,Ananya Rao,Corporate,13,15000,195000,125604.53,69395.47
1251,2025-05-07,East,India,Bhubaneswar,Furniture,Desk,Vikram Singh,Retail,16,15000,240000,145843.02,94156.98
1252,2025-12-20,East,India,Bhubaneswar,Stationery,Printer Paper,Ananya Rao,Corporate,93,300,27900,21245.02,6654.98
1253,2025-10-21,East,India,Bhubaneswar,Furniture,Desk,Karan Patel,Corporate,9,15000,135000,85905.47,49094.53
1254,2025-02-10,South,India,Chennai,Electronics,Tablet,Sneha Joshi,Corporate,2,20000,40000,25451.56,14548.44
1255,2025-05-19,West,India,Pune,Electronics,Smartphone,Rahul Nair,Retail,7,30000,210000,167660.96,42339.04
1256,2025-09-29,South,India,Bengaluru,Electronics,Smartphone,Neha Gupta,Retail,2,30000,60000,45057.01,14942.99
1257,2025-02-21,North,India,Delhi,Furniture,Office Chair,Amit Sharma,Retail,11,5000,55000,42086.41,12913.59
1258,2025-04-13,West,India,Pune,Furniture,Conference Table,Ananya Rao,Corporate,16,40000,640000,443670.12,196329.88
1259,2025-04-29,North,India,Delhi,Stationery,Printer Paper,Rahul Nair,Corporate,42,300,12600,9395.69,3204.31
1260,2025-04-06,South,India,Chennai,Electronics,Laptop,Amit Sharma,Retail,13,55000,715000,562267.56,152732.44
1261,2025-06-21,East,India,Bhubaneswar,Furniture,Desk,Sneha Joshi,Corporate,20,15000,300000,174657.06,125342.94
1262,2025-04-09,South,India,Bengaluru,Stationery,Printer Paper,Ananya Rao,Retail,149,300,44700,30861.16,13838.84
1263,2025-01-08,West,India,Pune,Furniture,Conference Table,Vikram Singh,Retail,9,40000,360000,275608.6,84391.4
1264,2025-09-21,South,India,Chennai,Furniture,Desk,Priya Mehta,Corporate,13,15000,195000,155628.9,39371.1
1265,2025-05-08,North,India,Delhi,Electronics,Smartphone,Vikram Singh,Corporate,5,30000,150000,103985.43,46014.57
1266,2025-06-04,South,India,Bengaluru,Furniture,Office Chair,Vikram Singh,Corporate,9,5000,45000,37629.47,7370.53
1267,2025-03-23,South,India,Chennai,Electronics,Laptop,Vikram Singh,Retail,4,55000,220000,151716.07,68283.93
1268,2025-03-10,East,India,Bhubaneswar,Electronics,Tablet,Rahul Nair,Corporate,20,20000,400000,246501.91,153498.09
1269,2025-10-03,East,India,Kolkata,Furniture,Office Chair,Neha Gupta,Retail,18,5000,90000,74145.52,15854.48
1270,2025-10-16,West,India,Mumbai,Furniture,Desk,Amit Sharma,Retail,12,15000,180000,103217.55,76782.45
1271,2025-08-15,South,India,Bengaluru,Electronics,Smartphone,Neha Gupta,Corporate,11,30000,330000,266094.11,63905.89
1272,2025-08-21,North,India,Delhi,Furniture,Desk,Karan Patel,Corporate,15,15000,225000,178336.72,46663.28
1273,2025-06-07,North,India,Delhi,Furniture,Desk,Karan Patel,Corporate,15,15000,225000,169161.82,55838.18
1274,2025-01-24,North,India,Chandigarh,Furniture,Conference Table,Ananya Rao,Retail,7,40000,280000,202578.15,77421.85
1275,2025-07-29,North,India,Delhi,Electronics,Laptop,Rahul Nair,Corporate,16,55000,880000,492378.01,387621.99
1276,2025-07-13,East,India,Bhubaneswar,Furniture,Office Chair,Priya Mehta,Retail,15,5000,75000,60816.46,14183.54
1277,2025-07-21,East,India,Kolkata,Electronics,Laptop,Neha Gupta,Retail,6,55000,330000,279791.83,50208.17
1278,2025-10-06,North,India,Chandigarh,Electronics,Tablet,Karan Patel,Retail,15,20000,300000,225614.99,74385.01
1279,2025-04-07,South,India,Bengaluru,Furniture,Office Chair,Amit Sharma,Corporate,12,5000,60000,35792.18,24207.82
1280,2025-11-01,North,India,Delhi,Electronics,Smartphone,Sneha Joshi,Retail,7,30000,210000,119739.33,90260.67
1281,2025-04-30,South,India,Bengaluru,Furniture,Conference Table,Amit Sharma,Retail,2,40000,80000,53654.37,26345.63
1282,2025-11-03,East,India,Bhubaneswar,Electronics,Smartphone,Neha Gupta,Corporate,19,30000,570000,368032.53,201967.47
1283,2025-06-03,South,India,Chennai,Furniture,Conference Table,Amit Sharma,Retail,17,40000,680000,419092.72,260907.28
1284,2025-06-26,West,India,Pune,Furniture,Desk,Ananya Rao,Corporate,16,15000,240000,135375.65,104624.35
1285,2025-10-03,West,India,Pune,Electronics,Smartphone,Neha Gupta,Retail,10,30000,300000,198881.42,101118.58
1286,2025-08-26,East,India,Kolkata,Stationery,Printer Paper,Karan Patel,Corporate,201,300,60300,35776.32,24523.68
1287,2025-06-19,South,India,Bengaluru,Furniture,Office Chair,Sneha Joshi,Corporate,8,5000,40000,25059.95,14940.05
1288,2025-07-13,North,India,Delhi,Furniture,Desk,Priya Mehta,Retail,7,15000,105000,59373.4,45626.6
1289,2025-06-20,South,India,Chennai,Furniture,Office Chair,Amit Sharma,Retail,7,5000,35000,28379.48,6620.52
1290,2025-09-03,South,India,Bengaluru,Furniture,Conference Table,Neha Gupta,Corporate,4,40000,160000,123850.2,36149.8
1291,2025-07-14,South,India,Chennai,Furniture,Desk,Ananya Rao,Corporate,11,15000,165000,129137.94,35862.06
1292,2025-08-27,East,India,Kolkata,Electronics,Tablet,Sneha Joshi,Corporate,17,20000,340000,277046.82,62953.18
1293,2025-10-16,South,India,Bengaluru,Electronics,Tablet,Rahul Nair,Retail,11,20000,220000,148319.39,71680.61
1294,2025-08-02,East,India,Bhubaneswar,Furniture,Desk,Rahul Nair,Retail,19,15000,285000,206266.72,78733.28
1295,2025-05-06,East,India,Bhubaneswar,Electronics,Smartphone,Ananya Rao,Corporate,13,30000,390000,281165.37,108834.63
1296,2025-06-30,West,India,Mumbai,Furniture,Conference Table,Rahul Nair,Corporate,16,40000,640000,440479.17,199520.83
1297,2025-02-08,South,India,Bengaluru,Furniture,Desk,Amit Sharma,Corporate,2,15000,30000,21215.5,8784.5
1298,2025-12-29,South,India,Bengaluru,Stationery,Printer Paper,Amit Sharma,Retail,181,300,54300,33635.05,20664.95
1299,2025-12-08,West,India,Pune,Electronics,Tablet,Sneha Joshi,Retail,2,20000,40000,29414.02,10585.98
1300,2025-01-09,North,India,Chandigarh,Furniture,Desk,Vikram Singh,Retail,18,15000,270000,181818.42,88181.58
1301,2025-02-19,West,India,Mumbai,Stationery,Printer Paper,Neha Gupta,Retail,65,300,19500,11351.05,8148.95
1302,2025-07-23,East,India,Kolkata,Stationery,Printer Paper,Ananya Rao,Corporate,110,300,33000,20796.51,12203.49
1303,2025-04-26,West,India,Pune,Furniture,Desk,Priya Mehta,Retail,8,15000,120000,101648.39,18351.61
1304,2025-09-01,North,India,Delhi,Furniture,Office Chair,Amit Sharma,Retail,13,5000,65000,43104.81,21895.19
1305,2025-06-19,North,India,Delhi,Furniture,Office Chair,Amit Sharma,Retail,14,5000,70000,52043.05,17956.95
1306,2025-09-01,South,India,Chennai,Stationery,Printer Paper,Amit Sharma,Retail,197,300,59100,48241.34,10858.66
1307,2025-04-02,East,India,Bhubaneswar,Furniture,Desk,Amit Sharma,Retail,19,15000,285000,213018.34,71981.66
1308,2025-07-23,South,India,Bengaluru,Stationery,Printer Paper,Vikram Singh,Retail,230,300,69000,52703.13,16296.87
1309,2025-10-04,South,India,Chennai,Furniture,Desk,Karan Patel,Retail,13,15000,195000,146856.55,48143.45
1310,2025-08-12,North,India,Delhi,Furniture,Desk,Priya Mehta,Corporate,12,15000,180000,101899.61,78100.39
1311,2025-05-20,West,India,Pune,Stationery,Printer Paper,Sneha Joshi,Retail,103,300,30900,17269.63,13630.37
1312,2025-12-15,East,India,Bhubaneswar,Furniture,Desk,Priya Mehta,Corporate,13,15000,195000,132513.1,62486.9
1313,2025-03-20,South,India,Chennai,Furniture,Conference Table,Rahul Nair,Corporate,3,40000,120000,68953.37,51046.63
1314,2025-06-07,East,India,Bhubaneswar,Electronics,Tablet,Ananya Rao,Corporate,4,20000,80000,46196.49,33803.51
1315,2025-08-18,North,India,Chandigarh,Electronics,Smartphone,Priya Mehta,Retail,3,30000,90000,54559.58,35440.42
1316,2025-11-03,North,India,Chandigarh,Electronics,Tablet,Karan Patel,Retail,18,20000,360000,208050.94,151949.06
1317,2025-10-14,East,India,Kolkata,Furniture,Office Chair,Rahul Nair,Corporate,13,5000,65000,50943.8,14056.2
1318,2025-09-10,South,India,Bengaluru,Electronics,Smartphone,Priya Mehta,Retail,9,30000,270000,172891.63,97108.37
1319,2025-02-09,West,India,Pune,Electronics,Tablet,Vikram Singh,Retail,14,20000,280000,179179.19,100820.81
1320,2025-02-24,West,India,Mumbai,Furniture,Desk,Vikram Singh,Retail,20,15000,300000,182599.34,117400.66
1321,2025-06-18,West,India,Pune,Electronics,Tablet,Ananya Rao,Corporate,20,20000,400000,265586.79,134413.21
1322,2025-12-22,South,India,Bengaluru,Electronics,Tablet,Sneha Joshi,Corporate,11,20000,220000,160811.94,59188.06
1323,2025-12-22,South,India,Chennai,Furniture,Office Chair,Neha Gupta,Corporate,11,5000,55000,35058.89,19941.11
1324,2025-10-16,West,India,Mumbai,Electronics,Tablet,Rahul Nair,Retail,13,20000,260000,171471.21,88528.79
1325,2025-05-30,West,India,Mumbai,Furniture,Conference Table,Karan Patel,Corporate,7,40000,280000,190830.22,89169.78
1326,2025-12-04,South,India,Bengaluru,Furniture,Conference Table,Karan Patel,Corporate,10,40000,400000,249042.54,150957.46
1327,2025-07-25,North,India,Chandigarh,Furniture,Office Chair,Amit Sharma,Corporate,20,5000,100000,69377.04,30622.96
1328,2025-07-01,North,India,Delhi,Electronics,Laptop,Amit Sharma,Corporate,8,55000,440000,328803.42,111196.58
1329,2025-02-20,East,India,Bhubaneswar,Stationery,Printer Paper,Neha Gupta,Retail,130,300,39000,22689.55,16310.45
1330,2025-12-14,West,India,Mumbai,Electronics,Tablet,Ananya Rao,Retail,13,20000,260000,179118.93,80881.07
1331,2025-02-13,West,India,Mumbai,Electronics,Laptop,Rahul Nair,Corporate,10,55000,550000,371135.95,178864.05
1332,2025-09-24,East,India,Bhubaneswar,Electronics,Tablet,Ananya Rao,Corporate,15,20000,300000,235584.3,64415.7
1333,2025-06-03,North,India,Delhi,Furniture,Office Chair,Priya Mehta,Retail,15,5000,75000,48425.46,26574.54
1334,2025-03-26,East,India,Kolkata,Furniture,Conference Table,Rahul Nair,Retail,4,40000,160000,120502.69,39497.31
1335,2025-04-29,East,India,Bhubaneswar,Furniture,Desk,Rahul Nair,Retail,14,15000,210000,175883.15,34116.85
1336,2025-04-12,West,India,Pune,Furniture,Office Chair,Karan Patel,Corporate,1,5000,5000,3856.08,1143.92
1337,2025-12-27,North,India,Delhi,Furniture,Conference Table,Priya Mehta,Retail,7,40000,280000,171285.9,108714.1
1338,2025-05-15,East,India,Bhubaneswar,Electronics,Tablet,Ananya Rao,Corporate,7,20000,140000,96217.12,43782.88
1339,2025-08-23,West,India,Mumbai,Furniture,Desk,Vikram Singh,Retail,4,15000,60000,39262.64,20737.36
1340,2025-03-01,South,India,Bengaluru,Electronics,Tablet,Ananya Rao,Retail,4,20000,80000,49725.75,30274.25
1341,2025-07-16,West,India,Pune,Furniture,Office Chair,Rahul Nair,Corporate,20,5000,100000,59136.02,40863.98
1342,2025-03-13,South,India,Bengaluru,Furniture,Desk,Ananya Rao,Corporate,6,15000,90000,62720.33,27279.67
1343,2025-09-06,North,India,Delhi,Stationery,Printer Paper,Neha Gupta,Corporate,111,300,33300,27823.9,5476.1
1344,2025-08-16,West,India,Pune,Furniture,Office Chair,Rahul Nair,Retail,16,5000,80000,53975.13,26024.87
1345,2025-01-17,North,India,Chandigarh,Stationery,Printer Paper,Neha Gupta,Corporate,214,300,64200,39557.4,24642.6
1346,2025-09-11,South,India,Bengaluru,Stationery,Printer Paper,Priya Mehta,Corporate,137,300,41100,29579.47,11520.53
1347,2025-08-14,East,India,Kolkata,Furniture,Desk,Karan Patel,Retail,2,15000,30000,23340.04,6659.96
1348,2025-06-28,South,India,Bengaluru,Electronics,Tablet,Sneha Joshi,Retail,2,20000,40000,27396.79,12603.21
1349,2025-12-30,South,India,Chennai,Electronics,Smartphone,Rahul Nair,Retail,19,30000,570000,431341.84,138658.16
1350,2025-10-19,South,India,Chennai,Stationery,Printer Paper,Vikram Singh,Retail,72,300,21600,17099.25,4500.75
1351,2025-05-17,East,India,Kolkata,Furniture,Conference Table,Rahul Nair,Corporate,10,40000,400000,254719.99,145280.01
1352,2025-03-09,North,India,Delhi,Electronics,Tablet,Rahul Nair,Corporate,5,20000,100000,76042.8,23957.2
1353,2025-09-08,South,India,Bengaluru,Stationery,Printer Paper,Vikram Singh,Corporate,235,300,70500,53077.36,17422.64
1354,2025-02-17,West,India,Pune,Furniture,Office Chair,Vikram Singh,Corporate,3,5000,15000,11101.32,3898.68
1355,2025-02-17,West,India,Pune,Furniture,Office Chair,Ananya Rao,Retail,11,5000,55000,39852.27,15147.73
1356,2025-09-11,West,India,Pune,Electronics,Smartphone,Ananya Rao,Corporate,14,30000,420000,334930.8,85069.2
1357,2025-09-06,East,India,Bhubaneswar,Furniture,Desk,Amit Sharma,Retail,19,15000,285000,167915.81,117084.19
1358,2025-03-22,North,India,Chandigarh,Furniture,Conference Table,Sneha Joshi,Retail,15,40000,600000,332930.64,267069.36
1359,2025-06-04,West,India,Mumbai,Electronics,Smartphone,Vikram Singh,Retail,5,30000,150000,122196.65,27803.35
1360,2025-11-29,East,India,Kolkata,Electronics,Tablet,Amit Sharma,Corporate,3,20000,60000,39693.19,20306.81
1361,2025-02-16,East,India,Kolkata,Furniture,Conference Table,Amit Sharma,Retail,8,40000,320000,217206.17,102793.83
1362,2025-09-23,West,India,Pune,Electronics,Laptop,Amit Sharma,Retail,5,55000,275000,200228.56,74771.44
1363,2025-08-05,East,India,Kolkata,Stationery,Printer Paper,Sneha Joshi,Retail,50,300,15000,12696.7,2303.3
1364,2025-02-22,South,India,Bengaluru,Furniture,Office Chair,Ananya Rao,Corporate,3,5000,15000,11538.44,3461.56
1365,2025-03-10,East,India,Kolkata,Electronics,Smartphone,Priya Mehta,Retail,13,30000,390000,304994.88,85005.12
1366,2025-11-18,South,India,Bengaluru,Furniture,Office Chair,Karan Patel,Corporate,12,5000,60000,46003.78,13996.22
1367,2025-03-05,South,India,Chennai,Electronics,Laptop,Ananya Rao,Corporate,4,55000,220000,130240.87,89759.13
1368,2025-11-27,East,India,Kolkata,Stationery,Printer Paper,Neha Gupta,Corporate,55,300,16500,10301.54,6198.46
1369,2025-06-04,North,India,Delhi,Stationery,Printer Paper,Neha Gupta,Corporate,236,300,70800,52924.53,17875.47
1370,2025-05-03,East,India,Bhubaneswar,Furniture,Conference Table,Karan Patel,Retail,2,40000,80000,62811.24,17188.76
1371,2025-01-07,South,India,Chennai,Furniture,Office Chair,Ananya Rao,Retail,20,5000,100000,57130.36,42869.64
1372,2025-07-07,West,India,Mumbai,Stationery,Printer Paper,Sneha Joshi,Retail,234,300,70200,50580.09,19619.91
1373,2025-04-21,North,India,Delhi,Furniture,Desk,Amit Sharma,Corporate,3,15000,45000,24936.21,20063.79
1374,2025-08-05,East,India,Bhubaneswar,Furniture,Conference Table,Priya Mehta,Retail,17,40000,680000,530490.44,149509.56
1375,2025-04-15,East,India,Kolkata,Electronics,Laptop,Ananya Rao,Corporate,10,55000,550000,315538.56,234461.44
1376,2025-05-03,North,India,Delhi,Electronics,Tablet,Neha Gupta,Retail,14,20000,280000,215316.5,64683.5
1377,2025-01-29,West,India,Pune,Electronics,Laptop,Rahul Nair,Retail,15,55000,825000,605293.46,219706.54
1378,2025-03-25,North,India,Chandigarh,Furniture,Conference Table,Ananya Rao,Corporate,5,40000,200000,152089.98,47910.02
1379,2025-05-18,South,India,Bengaluru,Electronics,Tablet,Amit Sharma,Corporate,5,20000,100000,77493.29,22506.71
1380,2025-12-31,West,India,Mumbai,Electronics,Tablet,Sneha Joshi,Corporate,17,20000,340000,193514.94,146485.06
1381,2025-03-27,East,India,Bhubaneswar,Electronics,Laptop,Rahul Nair,Corporate,16,55000,880000,710870.98,169129.02
1382,2025-09-18,North,India,Delhi,Furniture,Desk,Amit Sharma,Retail,4,15000,60000,37111.28,22888.72
1383,2025-03-18,South,India,Bengaluru,Electronics,Laptop,Amit Sharma,Corporate,16,55000,880000,580089.8,299910.2
1384,2025-06-13,South,India,Chennai,Electronics,Tablet,Priya Mehta,Corporate,8,20000,160000,107980.32,52019.68
1385,2025-09-22,North,India,Delhi,Furniture,Desk,Karan Patel,Retail,2,15000,30000,18114.1,11885.9
1386,2025-06-09,West,India,Pune,Stationery,Printer Paper,Priya Mehta,Corporate,92,300,27600,21584.81,6015.19
1387,2025-06-05,North,India,Delhi,Electronics,Tablet,Sneha Joshi,Corporate,7,20000,140000,89246.99,50753.01
1388,2025-10-07,West,India,Mumbai,Stationery,Printer Paper,Rahul Nair,Retail,218,300,65400,39804.19,25595.81
1389,2025-11-22,West,India,Mumbai,Electronics,Laptop,Ananya Rao,Retail,8,55000,440000,313483.97,126516.03
1390,2025-02-23,West,India,Mumbai,Stationery,Printer Paper,Neha Gupta,Corporate,208,300,62400,47933.47,14466.53
1391,2025-02-17,West,India,Mumbai,Electronics,Laptop,Neha Gupta,Corporate,5,55000,275000,209961.33,65038.67
1392,2025-09-16,East,India,Kolkata,Furniture,Office Chair,Karan Patel,Retail,3,5000,15000,10863.47,4136.53
1393,2025-05-14,North,India,Chandigarh,Furniture,Office Chair,Karan Patel,Corporate,5,5000,25000,15525.79,9474.21
1394,2025-04-14,East,India,Kolkata,Furniture,Office Chair,Priya Mehta,Retail,9,5000,45000,27903.75,17096.25
1395,2025-07-28,North,India,Delhi,Electronics,Smartphone,Ananya Rao,Retail,15,30000,450000,310417.44,139582.56
1396,2025-03-03,West,India,Mumbai,Electronics,Tablet,Rahul Nair,Corporate,15,20000,300000,188850.71,111149.29
1397,2025-12-31,North,India,Delhi,Electronics,Smartphone,Ananya Rao,Corporate,11,30000,330000,196184.06,133815.94
1398,2025-03-31,North,India,Delhi,Furniture,Conference Table,Karan Patel,Corporate,10,40000,400000,251220.02,148779.98
1399,2025-03-13,South,India,Bengaluru,Electronics,Laptop,Amit Sharma,Retail,15,55000,825000,478972.07,346027.93
1400,2025-07-10,South,India,Bengaluru,Electronics,Smartphone,Vikram Singh,Retail,7,30000,210000,167391.43,42608.57
1401,2025-08-16,North,India,Delhi,Electronics,Laptop,Priya Mehta,Corporate,7,55000,385000,315988.3,69011.7
1402,2025-10-21,North,India,Chandigarh,Electronics,Laptop,Karan Patel,Corporate,15,55000,825000,466282.83,358717.17
1403,2025-04-20,North,India,Delhi,Furniture,Office Chair,Vikram Singh,Corporate,14,5000,70000,42128.95,27871.05
1404,2025-11-12,West,India,Mumbai,Electronics,Smartphone,Vikram Singh,Corporate,2,30000,60000,44053.92,15946.08
1405,2025-05-24,West,India,Pune,Furniture,Desk,Rahul Nair,Corporate,16,15000,240000,136390.49,103609.51
1406,2025-10-06,South,India,Bengaluru,Furniture,Conference Table,Karan Patel,Corporate,17,40000,680000,424826.14,255173.86
1407,2025-10-17,West,India,Pune,Furniture,Desk,Karan Patel,Corporate,16,15000,240000,156770.46,83229.54
1408,2025-01-16,South,India,Chennai,Electronics,Laptop,Amit Sharma,Corporate,11,55000,605000,441126.62,163873.38
1409,2025-03-23,East,India,Kolkata,Stationery,Printer Paper,Neha Gupta,Retail,169,300,50700,43089.0,7611.0
1410,2025-04-23,East,India,Bhubaneswar,Furniture,Desk,Ananya Rao,Retail,2,15000,30000,23376.45,6623.55
1411,2025-12-24,South,India,Chennai,Electronics,Smartphone,Amit Sharma,Corporate,19,30000,570000,367878.75,202121.25
1412,2025-09-10,South,India,Chennai,Furniture,Desk,Rahul Nair,Corporate,7,15000,105000,84105.95,20894.05
1413,2025-04-23,North,India,Delhi,Electronics,Laptop,Sneha Joshi,Retail,2,55000,110000,68176.57,41823.43
1414,2025-06-24,East,India,Kolkata,Furniture,Desk,Ananya Rao,Retail,7,15000,105000,83153.03,21846.97
1415,2025-03-14,North,India,Delhi,Electronics,Smartphone,Ananya Rao,Retail,19,30000,570000,434003.07,135996.93
1416,2025-06-22,East,India,Bhubaneswar,Furniture,Conference Table,Ananya Rao,Retail,13,40000,520000,377418.6,142581.4
1417,2025-09-07,South,India,Chennai,Furniture,Conference Table,Rahul Nair,Corporate,14,40000,560000,441029.54,118970.46
1418,2025-07-13,South,India,Chennai,Furniture,Conference Table,Vikram Singh,Retail,19,40000,760000,603695.57,156304.43
1419,2025-10-21,South,India,Chennai,Furniture,Conference Table,Amit Sharma,Retail,1,40000,40000,33385.46,6614.54
1420,2025-10-17,East,India,Kolkata,Stationery,Printer Paper,Sneha Joshi,Retail,176,300,52800,32538.98,20261.02
1421,2025-06-13,East,India,Kolkata,Furniture,Conference Table,Priya Mehta,Corporate,3,40000,120000,74567.85,45432.15
1422,2025-12-21,West,India,Mumbai,Electronics,Laptop,Ananya Rao,Corporate,9,55000,495000,303388.12,191611.88
1423,2025-08-13,North,India,Chandigarh,Furniture,Conference Table,Rahul Nair,Corporate,1,40000,40000,22577.77,17422.23
1424,2025-02-21,West,India,Pune,Furniture,Office Chair,Neha Gupta,Retail,12,5000,60000,42828.43,17171.57
1425,2025-06-13,West,India,Pune,Electronics,Laptop,Priya Mehta,Retail,2,55000,110000,70231.98,39768.02
1426,2025-02-08,East,India,Kolkata,Electronics,Smartphone,Ananya Rao,Corporate,13,30000,390000,233325.83,156674.17
1427,2025-08-11,North,India,Delhi,Furniture,Office Chair,Amit Sharma,Retail,6,5000,30000,21965.86,8034.14
1428,2025-10-11,East,India,Bhubaneswar,Electronics,Smartphone,Vikram Singh,Corporate,7,30000,210000,141284.63,68715.37
1429,2025-10-09,South,India,Chennai,Electronics,Laptop,Rahul Nair,Retail,2,55000,110000,73465.77,36534.23
1430,2025-12-05,East,India,Bhubaneswar,Electronics,Laptop,Neha Gupta,Retail,14,55000,770000,443742.15,326257.85
1431,2025-02-11,North,India,Chandigarh,Electronics,Smartphone,Priya Mehta,Corporate,6,30000,180000,133462.3,46537.7
1432,2025-05-16,West,India,Mumbai,Furniture,Office Chair,Karan Patel,Retail,16,5000,80000,65477.06,14522.94
1433,2025-01-23,East,India,Bhubaneswar,Furniture,Office Chair,Sneha Joshi,Corporate,12,5000,60000,36358.49,23641.51
1434,2025-03-19,East,India,Kolkata,Electronics,Smartphone,Priya Mehta,Corporate,9,30000,270000,194203.97,75796.03
1435,2025-02-01,West,India,Pune,Stationery,Printer Paper,Karan Patel,Corporate,170,300,51000,31530.95,19469.05
1436,2025-01-18,South,India,Bengaluru,Furniture,Office Chair,Priya Mehta,Corporate,10,5000,50000,28684.33,21315.67
1437,2025-03-06,South,India,Bengaluru,Electronics,Smartphone,Karan Patel,Retail,7,30000,210000,166433.03,43566.97
1438,2025-05-13,West,India,Pune,Electronics,Smartphone,Priya Mehta,Retail,5,30000,150000,120034.87,29965.13
1439,2025-05-22,West,India,Pune,Furniture,Desk,Amit Sharma,Corporate,13,15000,195000,139545.17,55454.83
1440,2025-10-29,North,India,Delhi,Furniture,Office Chair,Priya Mehta,Retail,5,5000,25000,14861.5,10138.5
1441,2025-07-30,East,India,Bhubaneswar,Stationery,Printer Paper,Karan Patel,Corporate,157,300,47100,38341.32,8758.68
1442,2025-03-15,West,India,Pune,Electronics,Laptop,Amit Sharma,Corporate,6,55000,330000,208766.0,121234.0
1443,2025-09-01,East,India,Bhubaneswar,Furniture,Conference Table,Ananya Rao,Retail,8,40000,320000,180731.93,139268.07
1444,2025-05-24,East,India,Bhubaneswar,Stationery,Printer Paper,Priya Mehta,Retail,223,300,66900,42877.31,24022.69
1445,2025-06-14,South,India,Chennai,Electronics,Tablet,Karan Patel,Retail,15,20000,300000,234662.78,65337.22
1446,2025-07-28,South,India,Chennai,Furniture,Office Chair,Ananya Rao,Retail,7,5000,35000,28841.04,6158.96
1447,2025-07-26,South,India,Bengaluru,Electronics,Laptop,Amit Sharma,Retail,10,55000,550000,419578.95,130421.05
1448,2025-05-08,South,India,Bengaluru,Stationery,Printer Paper,Sneha Joshi,Retail,71,300,21300,17063.28,4236.72
1449,2025-08-26,East,India,Bhubaneswar,Furniture,Conference Table,Priya Mehta,Retail,7,40000,280000,177014.11,102985.89
1450,2025-04-01,South,India,Chennai,Electronics,Tablet,Ananya Rao,Corporate,16,20000,320000,233028.18,86971.82
1451,2025-12-19,South,India,Bengaluru,Stationery,Printer Paper,Vikram Singh,Retail,248,300,74400,46693.29,27706.71
1452,2025-04-20,West,India,Mumbai,Electronics,Laptop,Neha Gupta,Retail,6,55000,330000,266028.31,63971.69
1453,2025-12-16,East,India,Kolkata,Furniture,Conference Table,Sneha Joshi,Retail,14,40000,560000,394231.25,165768.75
1454,2025-11-08,South,India,Chennai,Furniture,Desk,Vikram Singh,Corporate,1,15000,15000,9256.97,5743.03
1455,2025-04-22,West,India,Pune,Stationery,Printer Paper,Vikram Singh,Corporate,109,300,32700,22487.77,10212.23
1456,2025-07-11,North,India,Chandigarh,Electronics,Laptop,Vikram Singh,Retail,17,55000,935000,794589.94,140410.06
1457,2025-11-24,West,India,Pune,Electronics,Laptop,Vikram Singh,Corporate,11,55000,605000,512137.52,92862.48
1458,2025-05-04,East,India,Kolkata,Electronics,Smartphone,Karan Patel,Corporate,5,30000,150000,105778.21,44221.79
1459,2025-06-01,South,India,Chennai,Furniture,Conference Table,Karan Patel,Corporate,1,40000,40000,29864.81,10135.19
1460,2025-10-20,West,India,Mumbai,Furniture,Conference Table,Ananya Rao,Retail,2,40000,80000,57992.57,22007.43
1461,2025-03-29,West,India,Mumbai,Furniture,Conference Table,Vikram Singh,Retail,12,40000,480000,337053.34,142946.66
1462,2025-10-14,West,India,Mumbai,Electronics,Smartphone,Ananya Rao,Retail,9,30000,270000,207240.12,62759.88
1463,2025-06-07,South,India,Chennai,Electronics,Tablet,Ananya Rao,Corporate,8,20000,160000,123722.08,36277.92
1464,2025-03-02,East,India,Bhubaneswar,Furniture,Desk,Amit Sharma,Retail,10,15000,150000,103369.23,46630.77
1465,2025-12-15,West,India,Pune,Electronics,Smartphone,Vikram Singh,Corporate,17,30000,510000,298831.84,211168.16
1466,2025-04-13,North,India,Chandigarh,Stationery,Printer Paper,Karan Patel,Corporate,238,300,71400,42499.67,28900.33
1467,2025-09-07,South,India,Chennai,Electronics,Tablet,Rahul Nair,Corporate,6,20000,120000,94041.88,25958.12
1468,2025-03-28,North,India,Delhi,Electronics,Laptop,Sneha Joshi,Retail,15,55000,825000,521448.15,303551.85
1469,2025-07-26,South,India,Chennai,Furniture,Desk,Sneha Joshi,Corporate,14,15000,210000,155409.72,54590.28
1470,2025-07-11,North,India,Delhi,Electronics,Laptop,Ananya Rao,Retail,18,55000,990000,603726.03,386273.97
1471,2025-05-08,North,India,Delhi,Furniture,Conference Table,Ananya Rao,Corporate,1,40000,40000,29520.24,10479.76
1472,2025-06-06,South,India,Bengaluru,Electronics,Laptop,Priya Mehta,Retail,13,55000,715000,501215.67,213784.33
1473,2025-11-02,East,India,Bhubaneswar,Electronics,Tablet,Karan Patel,Retail,15,20000,300000,230504.87,69495.13
1474,2025-03-26,East,India,Bhubaneswar,Furniture,Office Chair,Amit Sharma,Retail,12,5000,60000,46502.08,13497.92
1475,2025-01-12,South,India,Bengaluru,Furniture,Conference Table,Priya Mehta,Corporate,5,40000,200000,122671.41,77328.59
1476,2025-11-16,North,India,Delhi,Furniture,Office Chair,Amit Sharma,Retail,9,5000,45000,35161.87,9838.13
1477,2025-07-14,North,India,Delhi,Electronics,Laptop,Vikram Singh,Corporate,4,55000,220000,148507.19,71492.81
1478,2025-12-05,South,India,Bengaluru,Electronics,Smartphone,Vikram Singh,Retail,1,30000,30000,19210.05,10789.95
1479,2025-11-13,West,India,Mumbai,Stationery,Printer Paper,Vikram Singh,Retail,250,300,75000,43610.57,31389.43
1480,2025-05-15,North,India,Delhi,Furniture,Office Chair,Ananya Rao,Corporate,7,5000,35000,25644.52,9355.48
1481,2025-04-17,East,India,Bhubaneswar,Electronics,Smartphone,Ananya Rao,Retail,2,30000,60000,42866.5,17133.5
1482,2025-10-21,North,India,Chandigarh,Electronics,Laptop,Rahul Nair,Retail,3,55000,165000,135640.56,29359.44
1483,2025-11-26,North,India,Delhi,Furniture,Conference Table,Sneha Joshi,Corporate,4,40000,160000,131429.41,28570.59
1484,2025-03-31,East,India,Kolkata,Furniture,Office Chair,Vikram Singh,Corporate,2,5000,10000,5799.43,4200.57
1485,2025-01-24,East,India,Kolkata,Furniture,Office Chair,Rahul Nair,Retail,4,5000,20000,11569.99,8430.01
1486,2025-05-18,East,India,Kolkata,Electronics,Tablet,Ananya Rao,Corporate,15,20000,300000,250958.02,49041.98
1487,2025-08-22,South,India,Chennai,Electronics,Laptop,Karan Patel,Corporate,13,55000,715000,479103.67,235896.33
1488,2025-12-23,West,India,Mumbai,Furniture,Conference Table,Rahul Nair,Retail,6,40000,240000,140140.07,99859.93
1489,2025-12-14,West,India,Pune,Furniture,Desk,Rahul Nair,Corporate,16,15000,240000,189763.06,50236.94
1490,2025-03-08,East,India,Bhubaneswar,Furniture,Desk,Sneha Joshi,Retail,1,15000,15000,12131.59,2868.41
1491,2025-12-02,West,India,Pune,Furniture,Office Chair,Amit Sharma,Retail,2,5000,10000,5690.01,4309.99
1492,2025-11-13,East,India,Kolkata,Furniture,Desk,Karan Patel,Retail,17,15000,255000,192900.49,62099.51
1493,2025-10-13,West,India,Mumbai,Electronics,Tablet,Amit Sharma,Retail,13,20000,260000,154595.05,105404.95
1494,2025-02-08,West,India,Pune,Stationery,Printer Paper,Ananya Rao,Retail,146,300,43800,35514.12,8285.88
1495,2025-10-09,East,India,Bhubaneswar,Electronics,Tablet,Karan Patel,Retail,2,20000,40000,28083.15,11916.85
1496,2025-08-18,North,India,Delhi,Furniture,Office Chair,Sneha Joshi,Corporate,15,5000,75000,59278.38,15721.62
1497,2025-01-10,East,India,Kolkata,Electronics,Laptop,Karan Patel,Corporate,16,55000,880000,680743.09,199256.91
1498,2025-02-16,North,India,Chandigarh,Furniture,Desk,Neha Gupta,Corporate,18,15000,270000,148513.75,121486.25
1499,2025-08-21,East,India,Bhubaneswar,Electronics,Tablet,Sneha Joshi,Corporate,2,20000,40000,31799.06,8200.94
1500,2025-04-24,West,India,Mumbai,Electronics,Laptop,Ananya Rao,Corporate,4,55000,220000,171115.12,48884.88
1501,2025-02-24,East,India,Kolkata,Furniture,Desk,Rahul Nair,Corporate,17,15000,255000,168852.61,86147.39
1502,2025-07-29,South,India,Bengaluru,Stationery,Printer Paper,Vikram Singh,Retail,203,300,60900,47060.67,13839.33
1503,2025-04-08,South,India,Chennai,Electronics,Laptop,Priya Mehta,Corporate,13,55000,715000,439493.95,275506.05
1504,2025-08-19,North,India,Chandigarh,Furniture,Conference Table,Rahul Nair,Corporate,19,40000,760000,446093.98,313906.02
1505,2025-08-10,North,India,Chandigarh,Furniture,Desk,Rahul Nair,Retail,2,15000,30000,21479.04,8520.96
1506,2025-11-07,South,India,Chennai,Electronics,Laptop,Karan Patel,Corporate,13,55000,715000,534288.43,180711.57
1507,2025-05-31,South,India,Chennai,Electronics,Tablet,Rahul Nair,Retail,13,20000,260000,218160.3,41839.7
1508,2025-12-26,West,India,Pune,Furniture,Desk,Neha Gupta,Retail,17,15000,255000,163116.85,91883.15
1509,2025-12-11,South,India,Bengaluru,Furniture,Desk,Rahul Nair,Corporate,10,15000,150000,113397.51,36602.49
1510,2025-10-26,North,India,Chandigarh,Stationery,Printer Paper,Vikram Singh,Corporate,110,300,33000,23716.57,9283.43
1511,2025-03-16,North,India,Delhi,Furniture,Desk,Amit Sharma,Retail,4,15000,60000,33454.9,26545.1
1512,2025-05-27,East,India,Bhubaneswar,Stationery,Printer Paper,Rahul Nair,Retail,221,300,66300,39666.0,26634.0
1513,2025-08-20,East,India,Kolkata,Electronics,Smartphone,Neha Gupta,Corporate,18,30000,540000,302233.63,237766.37
1514,2025-01-25,South,India,Chennai,Furniture,Desk,Karan Patel,Corporate,10,15000,150000,113682.12,36317.88
1515,2025-05-09,East,India,Kolkata,Furniture,Desk,Sneha Joshi,Retail,2,15000,30000,16616.69,13383.31
1516,2025-11-05,East,India,Kolkata,Stationery,Printer Paper,Neha Gupta,Corporate,170,300,51000,36413.21,14586.79
1517,2025-03-30,West,India,Mumbai,Electronics,Smartphone,Karan Patel,Retail,3,30000,90000,54548.37,35451.63
1518,2025-03-24,West,India,Pune,Electronics,Tablet,Amit Sharma,Corporate,18,20000,360000,226537.88,133462.12
1519,2025-06-15,West,India,Mumbai,Furniture,Conference Table,Vikram Singh,Corporate,5,40000,200000,112396.44,87603.56
1520,2025-04-05,East,India,Kolkata,Electronics,Laptop,Rahul Nair,Corporate,11,55000,605000,428109.2,176890.8
1521,2025-04-20,West,India,Pune,Electronics,Laptop,Ananya Rao,Corporate,12,55000,660000,406797.22,253202.78
1522,2025-10-15,East,India,Kolkata,Electronics,Smartphone,Priya Mehta,Corporate,20,30000,600000,425489.8,174510.2
1523,2025-05-05,West,India,Mumbai,Electronics,Smartphone,Ananya Rao,Corporate,20,30000,600000,495349.31,104650.69
1524,2025-05-25,North,India,Delhi,Furniture,Office Chair,Ananya Rao,Corporate,9,5000,45000,32043.2,12956.8
1525,2025-04-09,West,India,Pune,Electronics,Laptop,Priya Mehta,Retail,10,55000,550000,450716.47,99283.53
1526,2025-11-17,South,India,Bengaluru,Stationery,Printer Paper,Neha Gupta,Retail,157,300,47100,33439.2,13660.8
1527,2025-12-26,West,India,Pune,Stationery,Printer Paper,Priya Mehta,Retail,46,300,13800,8441.1,5358.9
1528,2025-02-07,North,India,Delhi,Furniture,Office Chair,Rahul Nair,Corporate,11,5000,55000,30875.12,24124.88
1529,2025-07-28,North,India,Chandigarh,Furniture,Desk,Sneha Joshi,Corporate,8,15000,120000,98795.52,21204.48
1530,2025-03-02,West,India,Mumbai,Electronics,Tablet,Priya Mehta,Retail,1,20000,20000,13337.01,6662.99
1531,2025-12-18,North,India,Chandigarh,Electronics,Tablet,Priya Mehta,Corporate,17,20000,340000,197825.83,142174.17
1532,2025-01-16,West,India,Pune,Furniture,Office Chair,Rahul Nair,Retail,13,5000,65000,51781.39,13218.61
1533,2025-10-07,South,India,Chennai,Furniture,Conference Table,Rahul Nair,Corporate,13,40000,520000,410296.19,109703.81
1534,2025-03-14,East,India,Kolkata,Electronics,Laptop,Amit Sharma,Retail,18,55000,990000,804305.78,185694.22
1535,2025-06-06,West,India,Mumbai,Furniture,Desk,Ananya Rao,Retail,18,15000,270000,225205.33,44794.67
1536,2025-04-05,West,India,Mumbai,Furniture,Conference Table,Vikram Singh,Retail,17,40000,680000,403060.84,276939.16
1537,2025-10-09,North,India,Chandigarh,Electronics,Smartphone,Priya Mehta,Corporate,19,30000,570000,459234.94,110765.06
1538,2025-10-25,North,India,Chandigarh,Electronics,Tablet,Ananya Rao,Corporate,4,20000,80000,48738.02,31261.98
1539,2025-11-14,South,India,Bengaluru,Furniture,Conference Table,Neha Gupta,Corporate,8,40000,320000,185604.33,134395.67
1540,2025-06-06,West,India,Mumbai,Furniture,Office Chair,Ananya Rao,Corporate,11,5000,55000,40419.65,14580.35
1541,2025-04-24,West,India,Pune,Electronics,Smartphone,Vikram Singh,Corporate,1,30000,30000,19318.93,10681.07
1542,2025-08-25,South,India,Chennai,Furniture,Conference Table,Ananya Rao,Corporate,11,40000,440000,357880.93,82119.07
1543,2025-11-07,West,India,Mumbai,Furniture,Desk,Vikram Singh,Retail,4,15000,60000,36163.86,23836.14
1544,2025-01-10,South,India,Bengaluru,Electronics,Tablet,Karan Patel,Retail,3,20000,60000,46093.66,13906.34
1545,2025-10-04,North,India,Chandigarh,Furniture,Desk,Rahul Nair,Corporate,9,15000,135000,96260.51,38739.49
1546,2025-05-29,West,India,Mumbai,Electronics,Smartphone,Sneha Joshi,Retail,19,30000,570000,438881.79,131118.21
1547,2025-05-03,West,India,Mumbai,Electronics,Tablet,Rahul Nair,Corporate,17,20000,340000,188080.35,151919.65
1548,2025-12-04,South,India,Bengaluru,Electronics,Smartphone,Sneha Joshi,Corporate,19,30000,570000,475729.72,94270.28
1549,2025-05-16,North,India,Chandigarh,Electronics,Smartphone,Neha Gupta,Retail,16,30000,480000,297371.99,182628.01
1550,2025-08-21,South,India,Bengaluru,Furniture,Desk,Amit Sharma,Corporate,12,15000,180000,119957.03,60042.97
1551,2025-05-21,North,India,Chandigarh,Furniture,Conference Table,Rahul Nair,Corporate,17,40000,680000,503247.66,176752.34
1552,2025-02-09,West,India,Pune,Electronics,Tablet,Karan Patel,Retail,19,20000,380000,283480.37,96519.63
1553,2025-09-04,West,India,Mumbai,Electronics,Tablet,Rahul Nair,Corporate,12,20000,240000,167054.03,72945.97
1554,2025-05-24,South,India,Bengaluru,Electronics,Smartphone,Rahul Nair,Retail,3,30000,90000,63392.61,26607.39
1555,2025-03-02,South,India,Bengaluru,Electronics,Tablet,Karan Patel,Corporate,20,20000,400000,306076.33,93923.67
1556,2025-10-30,North,India,Delhi,Furniture,Office Chair,Karan Patel,Retail,16,5000,80000,55496.51,24503.49
1557,2025-03-24,South,India,Bengaluru,Electronics,Laptop,Amit Sharma,Retail,5,55000,275000,198562.64,76437.36
1558,2025-09-22,North,India,Chandigarh,Electronics,Smartphone,Amit Sharma,Corporate,9,30000,270000,223218.2,46781.8
1559,2025-08-30,North,India,Chandigarh,Electronics,Smartphone,Rahul Nair,Retail,15,30000,450000,329381.0,120619.0
1560,2025-04-04,West,India,Pune,Furniture,Desk,Rahul Nair,Corporate,5,15000,75000,59128.86,15871.14
1561,2025-07-13,West,India,Pune,Furniture,Desk,Rahul Nair,Retail,19,15000,285000,162636.07,122363.93
1562,2025-09-16,North,India,Chandigarh,Electronics,Smartphone,Rahul Nair,Retail,17,30000,510000,412017.53,97982.47
1563,2025-09-30,South,India,Bengaluru,Furniture,Office Chair,Priya Mehta,Corporate,20,5000,100000,72994.41,27005.59
1564,2025-12-14,South,India,Chennai,Furniture,Desk,Karan Patel,Corporate,18,15000,270000,215529.26,54470.74
1565,2025-09-04,North,India,Chandigarh,Furniture,Conference Table,Ananya Rao,Retail,17,40000,680000,461507.08,218492.92
1566,2025-04-30,West,India,Mumbai,Electronics,Smartphone,Vikram Singh,Corporate,9,30000,270000,187148.44,82851.56
1567,2025-01-04,East,India,Kolkata,Electronics,Smartphone,Amit Sharma,Corporate,1,30000,30000,22882.34,7117.66
1568,2025-02-24,South,India,Bengaluru,Furniture,Conference Table,Karan Patel,Corporate,11,40000,440000,295967.55,144032.45
1569,2025-07-07,East,India,Bhubaneswar,Stationery,Printer Paper,Karan Patel,Retail,157,300,47100,31889.92,15210.08
1570,2025-07-09,West,India,Pune,Furniture,Desk,Vikram Singh,Corporate,18,15000,270000,187579.89,82420.11
1571,2025-03-12,East,India,Kolkata,Stationery,Printer Paper,Neha Gupta,Corporate,200,300,60000,40166.34,19833.66
1572,2025-06-23,South,India,Bengaluru,Electronics,Laptop,Rahul Nair,Corporate,7,55000,385000,270463.68,114536.32
1573,2025-08-30,North,India,Chandigarh,Stationery,Printer Paper,Priya Mehta,Retail,43,300,12900,10281.0,2619.0
1574,2025-01-20,East,India,Bhubaneswar,Electronics,Smartphone,Karan Patel,Corporate,12,30000,360000,206644.29,153355.71
1575,2025-09-11,North,India,Chandigarh,Stationery,Printer Paper,Amit Sharma,Retail,229,300,68700,41397.34,27302.66
1576,2025-09-19,East,India,Kolkata,Electronics,Smartphone,Rahul Nair,Retail,2,30000,60000,47111.27,12888.73
1577,2025-02-14,East,India,Bhubaneswar,Electronics,Smartphone,Karan Patel,Corporate,1,30000,30000,25280.81,4719.19
1578,2025-01-08,West,India,Mumbai,Furniture,Office Chair,Priya Mehta,Corporate,19,5000,95000,57958.85,37041.15
1579,2025-04-10,East,India,Bhubaneswar,Electronics,Tablet,Karan Patel,Retail,9,20000,180000,111219.96,68780.04
1580,2025-10-14,East,India,Kolkata,Electronics,Smartphone,Vikram Singh,Corporate,14,30000,420000,294786.0,125214.0
1581,2025-10-03,North,India,Chandigarh,Stationery,Printer Paper,Sneha Joshi,Corporate,151,300,45300,37916.68,7383.32
1582,2025-08-23,West,India,Pune,Stationery,Printer Paper,Amit Sharma,Corporate,82,300,24600,19120.15,5479.85
1583,2025-04-23,North,India,Delhi,Electronics,Tablet,Ananya Rao,Corporate,3,20000,60000,39888.12,20111.88
1584,2025-05-15,East,India,Kolkata,Furniture,Desk,Vikram Singh,Retail,18,15000,270000,149287.58,120712.42
1585,2025-04-02,West,India,Pune,Furniture,Conference Table,Ananya Rao,Corporate,11,40000,440000,252035.8,187964.2
1586,2025-12-16,South,India,Bengaluru,Furniture,Desk,Sneha Joshi,Retail,9,15000,135000,81652.77,53347.23
1587,2025-04-16,South,India,Bengaluru,Furniture,Conference Table,Neha Gupta,Retail,8,40000,320000,259783.28,60216.72
1588,2025-02-10,East,India,Bhubaneswar,Electronics,Smartphone,Amit Sharma,Retail,4,30000,120000,70315.63,49684.37
1589,2025-10-22,West,India,Pune,Electronics,Tablet,Sneha Joshi,Retail,20,20000,400000,257850.03,142149.97
1590,2025-03-07,East,India,Kolkata,Furniture,Office Chair,Karan Patel,Corporate,8,5000,40000,31002.03,8997.97
1591,2025-12-18,North,India,Delhi,Furniture,Desk,Sneha Joshi,Retail,12,15000,180000,120260.71,59739.29
1592,2025-04-18,West,India,Pune,Electronics,Tablet,Priya Mehta,Corporate,1,20000,20000,11070.92,8929.08
1593,2025-05-15,East,India,Kolkata,Furniture,Desk,Vikram Singh,Corporate,9,15000,135000,81829.67,53170.33
1594,2025-04-18,East,India,Bhubaneswar,Electronics,Tablet,Ananya Rao,Corporate,6,20000,120000,83955.72,36044.28
1595,2025-03-09,West,India,Mumbai,Electronics,Tablet,Priya Mehta,Corporate,15,20000,300000,181190.03,118809.97
1596,2025-04-11,South,India,Bengaluru,Furniture,Desk,Rahul Nair,Corporate,14,15000,210000,169447.45,40552.55
1597,2025-11-19,North,India,Chandigarh,Electronics,Smartphone,Sneha Joshi,Corporate,14,30000,420000,293949.33,126050.67
1598,2025-02-20,East,India,Kolkata,Furniture,Desk,Amit Sharma,Retail,19,15000,285000,160829.15,124170.85
1599,2025-06-21,East,India,Bhubaneswar,Furniture,Office Chair,Ananya Rao,Corporate,4,5000,20000,13699.13,6300.87
1600,2025-06-29,East,India,Kolkata,Electronics,Tablet,Rahul Nair,Corporate,1,20000,20000,13470.57,6529.43
1601,2025-08-17,East,India,Kolkata,Electronics,Tablet,Karan Patel,Corporate,17,20000,340000,236724.36,103275.64
1602,2025-11-24,West,India,Pune,Furniture,Conference Table,Karan Patel,Corporate,5,40000,200000,162095.46,37904.54
1603,2025-06-10,North,India,Chandigarh,Electronics,Laptop,Vikram Singh,Corporate,6,55000,330000,215518.92,114481.08
1604,2025-07-05,West,India,Pune,Electronics,Tablet,Karan Patel,Retail,15,20000,300000,235287.66,64712.34
1605,2025-05-01,South,India,Chennai,Stationery,Printer Paper,Priya Mehta,Retail,25,300,7500,4406.34,3093.66
1606,2025-08-31,South,India,Bengaluru,Furniture,Office Chair,Amit Sharma,Corporate,4,5000,20000,11573.32,8426.68
1607,2025-02-13,North,India,Chandigarh,Electronics,Laptop,Vikram Singh,Retail,9,55000,495000,364038.17,130961.83
1608,2025-03-06,South,India,Bengaluru,Furniture,Conference Table,Rahul Nair,Retail,10,40000,400000,273179.25,126820.75
1609,2025-06-16,North,India,Chandigarh,Furniture,Conference Table,Sneha Joshi,Corporate,12,40000,480000,387893.11,92106.89
1610,2025-11-02,West,India,Pune,Electronics,Smartphone,Karan Patel,Corporate,18,30000,540000,325679.94,214320.06
1611,2025-02-15,East,India,Bhubaneswar,Furniture,Office Chair,Vikram Singh,Corporate,18,5000,90000,55632.47,34367.53
1612,2025-01-01,West,India,Mumbai,Electronics,Tablet,Ananya Rao,Corporate,5,20000,100000,64107.19,35892.81
1613,2025-09-09,West,India,Pune,Furniture,Desk,Vikram Singh,Retail,1,15000,15000,11344.96,3655.04
1614,2025-01-04,West,India,Pune,Stationery,Printer Paper,Neha Gupta,Corporate,94,300,28200,20560.65,7639.35
1615,2025-11-27,West,India,Pune,Furniture,Office Chair,Karan Patel,Retail,8,5000,40000,23959.23,16040.77
1616,2025-09-22,East,India,Bhubaneswar,Electronics,Laptop,Vikram Singh,Corporate,14,55000,770000,567949.62,202050.38
1617,2025-05-29,West,India,Mumbai,Electronics,Smartphone,Sneha Joshi,Corporate,3,30000,90000,54424.99,35575.01
1618,2025-06-14,East,India,Kolkata,Furniture,Conference Table,Rahul Nair,Retail,20,40000,800000,558079.04,241920.96
1619,2025-03-06,North,India,Chandigarh,Electronics,Smartphone,Amit Sharma,Retail,4,30000,120000,76156.12,43843.88
1620,2025-06-25,North,India,Chandigarh,Electronics,Smartphone,Vikram Singh,Corporate,1,30000,30000,20942.22,9057.78
1621,2025-03-16,East,India,Kolkata,Furniture,Office Chair,Vikram Singh,Corporate,2,5000,10000,6490.75,3509.25
1622,2025-05-09,North,India,Chandigarh,Furniture,Desk,Amit Sharma,Retail,16,15000,240000,145075.47,94924.53
1623,2025-01-18,South,India,Bengaluru,Furniture,Office Chair,Sneha Joshi,Retail,15,5000,75000,46811.15,28188.85
1624,2025-06-09,South,India,Chennai,Furniture,Office Chair,Rahul Nair,Retail,13,5000,65000,49038.13,15961.87
1625,2025-04-12,North,India,Chandigarh,Electronics,Tablet,Amit Sharma,Retail,16,20000,320000,237297.92,82702.08
1626,2025-03-27,North,India,Chandigarh,Electronics,Smartphone,Priya Mehta,Corporate,14,30000,420000,271888.7,148111.3
1627,2025-12-20,South,India,Chennai,Electronics,Laptop,Rahul Nair,Corporate,2,55000,110000,79675.54,30324.46
1628,2025-12-18,North,India,Chandigarh,Electronics,Smartphone,Amit Sharma,Retail,6,30000,180000,125995.64,54004.36
1629,2025-02-24,East,India,Kolkata,Furniture,Conference Table,Sneha Joshi,Retail,5,40000,200000,152079.69,47920.31
1630,2025-08-13,East,India,Kolkata,Furniture,Desk,Amit Sharma,Corporate,12,15000,180000,142498.37,37501.63
1631,2025-01-21,East,India,Bhubaneswar,Furniture,Conference Table,Sneha Joshi,Corporate,5,40000,200000,125041.77,74958.23
1632,2025-06-28,West,India,Pune,Electronics,Smartphone,Sneha Joshi,Corporate,19,30000,570000,345413.17,224586.83
1633,2025-06-01,South,India,Chennai,Electronics,Laptop,Ananya Rao,Corporate,17,55000,935000,557734.65,377265.35
1634,2025-04-05,North,India,Delhi,Stationery,Printer Paper,Ananya Rao,Retail,183,300,54900,38528.12,16371.88
1635,2025-10-03,East,India,Bhubaneswar,Furniture,Conference Table,Neha Gupta,Corporate,3,40000,120000,89698.42,30301.58
1636,2025-11-25,South,India,Chennai,Furniture,Desk,Priya Mehta,Retail,10,15000,150000,97017.0,52983.0
1637,2025-01-17,North,India,Delhi,Electronics,Laptop,Priya Mehta,Corporate,5,55000,275000,165987.7,109012.3
1638,2025-07-18,South,India,Chennai,Electronics,Laptop,Vikram Singh,Retail,2,55000,110000,79343.4,30656.6
1639,2025-01-07,East,India,Kolkata,Electronics,Smartphone,Sneha Joshi,Retail,20,30000,600000,459212.14,140787.86
1640,2025-10-13,West,India,Pune,Stationery,Printer Paper,Ananya Rao,Retail,183,300,54900,31194.73,23705.27
1641,2025-06-05,East,India,Kolkata,Furniture,Desk,Neha Gupta,Retail,2,15000,30000,23108.7,6891.3
1642,2025-04-08,North,India,Delhi,Furniture,Conference Table,Neha Gupta,Retail,8,40000,320000,227039.46,92960.54
1643,2025-10-23,West,India,Pune,Furniture,Conference Table,Sneha Joshi,Corporate,4,40000,160000,124781.6,35218.4
1644,2025-09-16,North,India,Chandigarh,Electronics,Smartphone,Rahul Nair,Corporate,6,30000,180000,128698.14,51301.86
1645,2025-06-16,East,India,Bhubaneswar,Electronics,Tablet,Karan Patel,Corporate,18,20000,360000,305078.0,54922.0
1646,2025-04-20,East,India,Bhubaneswar,Furniture,Desk,Vikram Singh,Corporate,8,15000,120000,86273.21,33726.79
1647,2025-01-18,West,India,Pune,Furniture,Office Chair,Amit Sharma,Retail,13,5000,65000,35753.81,29246.19
1648,2025-04-20,East,India,Bhubaneswar,Electronics,Laptop,Amit Sharma,Corporate,10,55000,550000,464925.08,85074.92
1649,2025-03-21,South,India,Bengaluru,Electronics,Laptop,Vikram Singh,Corporate,2,55000,110000,75692.2,34307.8
1650,2025-02-17,South,India,Chennai,Electronics,Smartphone,Neha Gupta,Retail,9,30000,270000,214197.01,55802.99
1651,2025-12-20,East,India,Kolkata,Stationery,Printer Paper,Vikram Singh,Retail,143,300,42900,25820.26,17079.74
1652,2025-06-21,West,India,Pune,Electronics,Laptop,Karan Patel,Corporate,2,55000,110000,90921.76,19078.24
1653,2025-12-01,North,India,Delhi,Stationery,Printer Paper,Karan Patel,Retail,217,300,65100,40232.8,24867.2
1654,2025-10-17,East,India,Kolkata,Furniture,Desk,Ananya Rao,Retail,2,15000,30000,19373.85,10626.15
1655,2025-11-01,South,India,Bengaluru,Electronics,Laptop,Neha Gupta,Corporate,13,55000,715000,601538.13,113461.87
1656,2025-06-22,East,India,Kolkata,Stationery,Printer Paper,Sneha Joshi,Retail,120,300,36000,21398.53,14601.47
1657,2025-08-11,West,India,Mumbai,Electronics,Tablet,Rahul Nair,Corporate,3,20000,60000,40173.49,19826.51
1658,2025-04-11,South,India,Bengaluru,Furniture,Office Chair,Neha Gupta,Retail,13,5000,65000,48468.84,16531.16
1659,2025-10-22,East,India,Kolkata,Stationery,Printer Paper,Priya Mehta,Corporate,130,300,39000,25233.92,13766.08
1660,2025-06-26,West,India,Mumbai,Electronics,Tablet,Vikram Singh,Retail,12,20000,240000,145715.26,94284.74
1661,2025-08-14,East,India,Kolkata,Furniture,Desk,Neha Gupta,Retail,15,15000,225000,165814.8,59185.2
1662,2025-01-28,East,India,Kolkata,Electronics,Smartphone,Rahul Nair,Corporate,3,30000,90000,52534.04,37465.96
1663,2025-08-30,North,India,Delhi,Electronics,Tablet,Ananya Rao,Retail,4,20000,80000,51322.83,28677.17
1664,2025-05-13,South,India,Chennai,Electronics,Smartphone,Rahul Nair,Retail,18,30000,540000,381769.07,158230.93
1665,2025-03-29,West,India,Mumbai,Furniture,Desk,Vikram Singh,Retail,17,15000,255000,143576.37,111423.63
1666,2025-01-05,East,India,Kolkata,Electronics,Laptop,Karan Patel,Corporate,15,55000,825000,615802.57,209197.43
1667,2025-11-29,East,India,Bhubaneswar,Stationery,Printer Paper,Neha Gupta,Corporate,47,300,14100,7835.7,6264.3
1668,2025-09-30,North,India,Delhi,Electronics,Tablet,Rahul Nair,Retail,16,20000,320000,259210.18,60789.82
1669,2025-09-29,West,India,Pune,Furniture,Desk,Ananya Rao,Corporate,1,15000,15000,8428.89,6571.11
1670,2025-12-17,West,India,Pune,Furniture,Conference Table,Ananya Rao,Corporate,6,40000,240000,133322.8,106677.2
1671,2025-11-17,South,India,Chennai,Furniture,Desk,Karan Patel,Retail,9,15000,135000,107131.66,27868.34
1672,2025-07-21,East,India,Kolkata,Electronics,Smartphone,Priya Mehta,Corporate,5,30000,150000,97880.38,52119.62
1673,2025-08-07,South,India,Chennai,Furniture,Office Chair,Ananya Rao,Corporate,8,5000,40000,28874.78,11125.22
1674,2025-12-17,South,India,Bengaluru,Electronics,Smartphone,Rahul Nair,Corporate,5,30000,150000,108646.38,41353.62
1675,2025-10-17,South,India,Bengaluru,Furniture,Office Chair,Ananya Rao,Retail,5,5000,25000,18671.74,6328.26
1676,2025-03-16,North,India,Delhi,Electronics,Smartphone,Ananya Rao,Corporate,11,30000,330000,264612.73,65387.27
1677,2025-11-23,West,India,Pune,Electronics,Tablet,Rahul Nair,Retail,15,20000,300000,232104.88,67895.12
1678,2025-11-10,North,India,Chandigarh,Electronics,Smartphone,Neha Gupta,Retail,6,30000,180000,100414.7,79585.3
1679,2025-12-19,South,India,Chennai,Furniture,Conference Table,Rahul Nair,Corporate,1,40000,40000,26311.14,13688.86
1680,2025-03-12,East,India,Kolkata,Electronics,Smartphone,Neha Gupta,Retail,13,30000,390000,271999.13,118000.87
1681,2025-07-31,North,India,Delhi,Furniture,Office Chair,Neha Gupta,Retail,1,5000,5000,4138.15,861.85
1682,2025-09-08,North,India,Chandigarh,Electronics,Smartphone,Sneha Joshi,Retail,15,30000,450000,364562.42,85437.58
1683,2025-07-14,West,India,Pune,Furniture,Office Chair,Karan Patel,Retail,2,5000,10000,7323.79,2676.21
1684,2025-01-22,North,India,Delhi,Furniture,Office Chair,Karan Patel,Retail,15,5000,75000,59857.73,15142.27
1685,2025-08-14,West,India,Pune,Furniture,Desk,Vikram Singh,Corporate,2,15000,30000,18208.65,11791.35
1686,2025-01-28,West,India,Mumbai,Electronics,Smartphone,Sneha Joshi,Corporate,14,30000,420000,268096.89,151903.11
1687,2025-10-27,North,India,Delhi,Furniture,Conference Table,Karan Patel,Corporate,17,40000,680000,397087.0,282913.0
1688,2025-10-30,East,India,Kolkata,Furniture,Office Chair,Sneha Joshi,Retail,1,5000,5000,3018.32,1981.68
1689,2025-03-05,East,India,Kolkata,Electronics,Tablet,Priya Mehta,Corporate,6,20000,120000,91861.49,28138.51
1690,2025-09-19,East,India,Kolkata,Electronics,Laptop,Karan Patel,Corporate,17,55000,935000,712641.79,222358.21
1691,2025-10-17,North,India,Delhi,Stationery,Printer Paper,Rahul Nair,Retail,63,300,18900,15567.47,3332.53
1692,2025-06-07,South,India,Chennai,Stationery,Printer Paper,Sneha Joshi,Corporate,202,300,60600,34262.82,26337.18
1693,2025-01-02,South,India,Chennai,Electronics,Laptop,Amit Sharma,Corporate,5,55000,275000,230485.8,44514.2
1694,2025-01-03,West,India,Pune,Stationery,Printer Paper,Neha Gupta,Retail,147,300,44100,31445.52,12654.48
1695,2025-11-04,West,India,Mumbai,Furniture,Office Chair,Neha Gupta,Corporate,14,5000,70000,47779.38,22220.62
1696,2025-12-01,South,India,Chennai,Electronics,Laptop,Amit Sharma,Retail,6,55000,330000,196177.36,133822.64
1697,2025-06-02,North,India,Chandigarh,Furniture,Conference Table,Priya Mehta,Retail,19,40000,760000,609067.29,150932.71
1698,2025-05-26,North,India,Delhi,Furniture,Office Chair,Sneha Joshi,Corporate,6,5000,30000,17952.02,12047.98
1699,2025-07-14,North,India,Delhi,Electronics,Laptop,Karan Patel,Retail,10,55000,550000,355765.61,194234.39
1700,2025-05-21,East,India,Bhubaneswar,Furniture,Office Chair,Karan Patel,Retail,5,5000,25000,14665.17,10334.83
1701,2025-11-19,South,India,Bengaluru,Furniture,Desk,Sneha Joshi,Corporate,2,15000,30000,17483.72,12516.28
1702,2025-10-22,West,India,Pune,Furniture,Desk,Rahul Nair,Corporate,11,15000,165000,103603.17,61396.83
1703,2025-04-30,West,India,Pune,Furniture,Office Chair,Neha Gupta,Retail,6,5000,30000,24452.97,5547.03
1704,2025-03-02,North,India,Delhi,Electronics,Laptop,Karan Patel,Corporate,15,55000,825000,608551.53,216448.47
1705,2025-11-23,North,India,Delhi,Electronics,Tablet,Amit Sharma,Retail,12,20000,240000,172349.92,67650.08
1706,2025-09-17,East,India,Bhubaneswar,Electronics,Tablet,Amit Sharma,Retail,3,20000,60000,38539.91,21460.09
1707,2025-11-12,East,India,Kolkata,Electronics,Tablet,Rahul Nair,Retail,13,20000,260000,199502.94,60497.06
1708,2025-09-03,East,India,Bhubaneswar,Stationery,Printer Paper,Amit Sharma,Retail,106,300,31800,26288.55,5511.45
1709,2025-10-02,West,India,Pune,Electronics,Smartphone,Sneha Joshi,Corporate,15,30000,450000,367927.87,82072.13
1710,2025-12-14,North,India,Chandigarh,Stationery,Printer Paper,Amit Sharma,Retail,153,300,45900,29366.96,16533.04
1711,2025-02-03,East,India,Kolkata,Stationery,Printer Paper,Vikram Singh,Retail,247,300,74100,58445.25,15654.75
1712,2025-10-20,East,India,Bhubaneswar,Furniture,Office Chair,Rahul Nair,Retail,18,5000,90000,72244.96,17755.04
1713,2025-05-20,East,India,Bhubaneswar,Furniture,Conference Table,Priya Mehta,Corporate,11,40000,440000,335698.88,104301.12
1714,2025-06-04,South,India,Bengaluru,Electronics,Tablet,Vikram Singh,Retail,15,20000,300000,239651.17,60348.83
1715,2025-02-17,North,India,Chandigarh,Electronics,Tablet,Amit Sharma,Corporate,2,20000,40000,31333.48,8666.52
1716,2025-09-26,South,India,Chennai,Electronics,Smartphone,Ananya Rao,Retail,11,30000,330000,272940.04,57059.96
1717,2025-03-09,North,India,Delhi,Stationery,Printer Paper,Amit Sharma,Corporate,152,300,45600,34337.49,11262.51
1718,2025-06-09,West,India,Mumbai,Furniture,Conference Table,Priya Mehta,Corporate,17,40000,680000,397630.54,282369.46
1719,2025-12-04,West,India,Pune,Electronics,Laptop,Amit Sharma,Corporate,4,55000,220000,155358.13,64641.87
1720,2025-05-22,South,India,Chennai,Electronics,Tablet,Sneha Joshi,Retail,7,20000,140000,85086.92,54913.08
1721,2025-01-08,East,India,Kolkata,Electronics,Smartphone,Neha Gupta,Corporate,6,30000,180000,113776.39,66223.61
1722,2025-05-26,East,India,Kolkata,Electronics,Tablet,Rahul Nair,Retail,5,20000,100000,83298.33,16701.67
1723,2025-01-26,East,India,Kolkata,Furniture,Desk,Amit Sharma,Corporate,11,15000,165000,117508.57,47491.43
1724,2025-08-07,North,India,Chandigarh,Electronics,Laptop,Rahul Nair,Corporate,13,55000,715000,404790.07,310209.93
1725,2025-12-10,East,India,Kolkata,Electronics,Tablet,Sneha Joshi,Retail,11,20000,220000,174951.17,45048.83
1726,2025-08-28,North,India,Delhi,Stationery,Printer Paper,Sneha Joshi,Corporate,225,300,67500,55748.7,11751.3
1727,2025-03-15,West,India,Pune,Furniture,Office Chair,Ananya Rao,Corporate,8,5000,40000,33369.38,6630.62
1728,2025-06-16,South,India,Chennai,Furniture,Conference Table,Sneha Joshi,Retail,11,40000,440000,346118.79,93881.21
1729,2025-08-25,North,India,Delhi,Furniture,Office Chair,Vikram Singh,Corporate,4,5000,20000,13108.64,6891.36
1730,2025-02-24,South,India,Chennai,Furniture,Desk,Priya Mehta,Corporate,4,15000,60000,40302.35,19697.65
1731,2025-11-14,West,India,Mumbai,Furniture,Office Chair,Rahul Nair,Corporate,19,5000,95000,64033.09,30966.91
1732,2025-12-22,West,India,Pune,Electronics,Laptop,Karan Patel,Corporate,11,55000,605000,370545.22,234454.78
1733,2025-12-31,South,India,Chennai,Electronics,Smartphone,Priya Mehta,Corporate,3,30000,90000,69462.91,20537.09
1734,2025-04-01,East,India,Bhubaneswar,Furniture,Desk,Karan Patel,Retail,4,15000,60000,47796.41,12203.59
1735,2025-07-14,North,India,Chandigarh,Furniture,Conference Table,Sneha Joshi,Retail,20,40000,800000,625122.41,174877.59
1736,2025-11-22,North,India,Delhi,Electronics,Smartphone,Rahul Nair,Retail,5,30000,150000,122426.77,27573.23
1737,2025-10-23,West,India,Pune,Furniture,Desk,Neha Gupta,Retail,10,15000,150000,100049.22,49950.78
1738,2025-12-14,East,India,Bhubaneswar,Electronics,Tablet,Karan Patel,Corporate,19,20000,380000,299555.52,80444.48
1739,2025-09-19,North,India,Chandigarh,Furniture,Desk,Rahul Nair,Corporate,1,15000,15000,11001.71,3998.29
1740,2025-01-01,North,India,Chandigarh,Electronics,Tablet,Priya Mehta,Corporate,18,20000,360000,302533.15,57466.85
1741,2025-07-21,North,India,Chandigarh,Electronics,Smartphone,Karan Patel,Corporate,14,30000,420000,319479.96,100520.04
1742,2025-03-30,West,India,Pune,Furniture,Office Chair,Rahul Nair,Retail,18,5000,90000,55202.83,34797.17
1743,2025-03-20,West,India,Pune,Stationery,Printer Paper,Rahul Nair,Retail,112,300,33600,26946.82,6653.18
1744,2025-09-07,North,India,Chandigarh,Electronics,Laptop,Rahul Nair,Retail,1,55000,55000,32625.93,22374.07
1745,2025-12-23,South,India,Chennai,Furniture,Conference Table,Rahul Nair,Corporate,14,40000,560000,452505.66,107494.34
1746,2025-04-26,West,India,Mumbai,Furniture,Desk,Karan Patel,Retail,15,15000,225000,149718.24,75281.76
1747,2025-09-14,West,India,Pune,Stationery,Printer Paper,Karan Patel,Corporate,207,300,62100,38565.65,23534.35
1748,2025-07-08,North,India,Delhi,Electronics,Laptop,Sneha Joshi,Retail,19,55000,1045000,726254.56,318745.44
1749,2025-05-24,South,India,Chennai,Furniture,Conference Table,Priya Mehta,Retail,17,40000,680000,574650.14,105349.86
1750,2025-10-04,South,India,Chennai,Furniture,Office Chair,Amit Sharma,Corporate,3,5000,15000,11328.33,3671.67
1751,2025-08-29,North,India,Chandigarh,Furniture,Office Chair,Karan Patel,Corporate,15,5000,75000,52784.92,22215.08
1752,2025-11-02,East,India,Bhubaneswar,Electronics,Tablet,Vikram Singh,Retail,6,20000,120000,67271.74,52728.26
1753,2025-12-03,West,India,Pune,Furniture,Desk,Amit Sharma,Corporate,6,15000,90000,64967.22,25032.78
1754,2025-05-23,West,India,Pune,Electronics,Laptop,Rahul Nair,Corporate,5,55000,275000,192961.68,82038.32
1755,2025-02-27,East,India,Kolkata,Stationery,Printer Paper,Rahul Nair,Corporate,85,300,25500,14133.65,11366.35
1756,2025-12-25,East,India,Kolkata,Stationery,Printer Paper,Sneha Joshi,Retail,64,300,19200,12064.81,7135.19
1757,2025-11-01,North,India,Delhi,Electronics,Tablet,Sneha Joshi,Corporate,3,20000,60000,50412.22,9587.78
1758,2025-03-27,West,India,Mumbai,Electronics,Smartphone,Ananya Rao,Retail,15,30000,450000,345509.88,104490.12
1759,2025-03-27,East,India,Bhubaneswar,Stationery,Printer Paper,Karan Patel,Corporate,229,300,68700,40175.64,28524.36
1760,2025-12-16,East,India,Bhubaneswar,Furniture,Office Chair,Sneha Joshi,Corporate,18,5000,90000,55808.86,34191.14
1761,2025-08-18,South,India,Chennai,Furniture,Desk,Ananya Rao,Retail,14,15000,210000,116247.37,93752.63
1762,2025-08-10,North,India,Chandigarh,Furniture,Desk,Ananya Rao,Corporate,12,15000,180000,150633.92,29366.08
1763,2025-10-27,East,India,Bhubaneswar,Stationery,Printer Paper,Sneha Joshi,Retail,45,300,13500,8459.14,5040.86
1764,2025-04-03,South,India,Chennai,Furniture,Desk,Amit Sharma,Retail,11,15000,165000,124297.05,40702.95
1765,2025-02-23,North,India,Chandigarh,Electronics,Laptop,Ananya Rao,Retail,14,55000,770000,446068.41,323931.59
1766,2025-11-14,East,India,Kolkata,Electronics,Tablet,Amit Sharma,Retail,7,20000,140000,78429.75,61570.25
1767,2025-11-06,North,India,Delhi,Furniture,Conference Table,Karan Patel,Retail,4,40000,160000,92146.55,67853.45
1768,2025-08-28,North,India,Delhi,Furniture,Conference Table,Sneha Joshi,Corporate,6,40000,240000,150240.17,89759.83
1769,2025-02-07,West,India,Pune,Furniture,Conference Table,Amit Sharma,Corporate,11,40000,440000,275968.43,164031.57
1770,2025-05-16,West,India,Mumbai,Electronics,Tablet,Sneha Joshi,Retail,2,20000,40000,25098.86,14901.14
1771,2025-11-27,West,India,Pune,Electronics,Smartphone,Priya Mehta,Retail,20,30000,600000,400674.2,199325.8
1772,2025-08-15,West,India,Pune,Electronics,Smartphone,Priya Mehta,Retail,20,30000,600000,445800.87,154199.13
1773,2025-08-17,North,India,Delhi,Electronics,Laptop,Sneha Joshi,Retail,19,55000,1045000,802835.4,242164.6
1774,2025-12-25,North,India,Chandigarh,Electronics,Laptop,Karan Patel,Retail,13,55000,715000,450400.63,264599.37
1775,2025-02-05,West,India,Mumbai,Furniture,Office Chair,Amit Sharma,Corporate,14,5000,70000,46982.17,23017.83
1776,2025-07-03,West,India,Pune,Electronics,Laptop,Vikram Singh,Corporate,19,55000,1045000,742567.83,302432.17
1777,2025-06-24,North,India,Delhi,Furniture,Conference Table,Sneha Joshi,Corporate,3,40000,120000,79152.79,40847.21
1778,2025-07-16,South,India,Bengaluru,Electronics,Smartphone,Vikram Singh,Corporate,18,30000,540000,303371.65,236628.35
1779,2025-11-20,North,India,Chandigarh,Furniture,Conference Table,Neha Gupta,Retail,12,40000,480000,334056.51,145943.49
1780,2025-10-31,North,India,Delhi,Electronics,Smartphone,Sneha Joshi,Corporate,1,30000,30000,22977.65,7022.35
1781,2025-09-13,North,India,Chandigarh,Stationery,Printer Paper,Amit Sharma,Retail,158,300,47400,35219.26,12180.74
1782,2025-01-22,East,India,Bhubaneswar,Electronics,Laptop,Priya Mehta,Retail,11,55000,605000,475731.8,129268.2
1783,2025-10-24,West,India,Mumbai,Furniture,Conference Table,Priya Mehta,Retail,18,40000,720000,428173.98,291826.02
1784,2025-11-13,South,India,Bengaluru,Furniture,Office Chair,Neha Gupta,Retail,1,5000,5000,3456.83,1543.17
1785,2025-02-19,North,India,Chandigarh,Electronics,Smartphone,Rahul Nair,Retail,2,30000,60000,49283.92,10716.08
1786,2025-11-12,North,India,Delhi,Electronics,Laptop,Priya Mehta,Retail,16,55000,880000,641074.04,238925.96
1787,2025-12-17,West,India,Mumbai,Electronics,Tablet,Ananya Rao,Retail,13,20000,260000,168290.33,91709.67
1788,2025-03-03,North,India,Chandigarh,Furniture,Desk,Rahul Nair,Corporate,6,15000,90000,58558.6,31441.4
1789,2025-08-13,South,India,Bengaluru,Furniture,Conference Table,Amit Sharma,Retail,12,40000,480000,343690.71,136309.29
1790,2025-07-12,North,India,Delhi,Stationery,Printer Paper,Amit Sharma,Corporate,236,300,70800,52367.81,18432.19
1791,2025-02-15,North,India,Chandigarh,Electronics,Laptop,Karan Patel,Corporate,1,55000,55000,33210.31,21789.69
1792,2025-09-25,South,India,Chennai,Electronics,Smartphone,Karan Patel,Retail,5,30000,150000,111292.16,38707.84
1793,2025-09-13,South,India,Bengaluru,Furniture,Desk,Vikram Singh,Corporate,2,15000,30000,21866.45,8133.55
1794,2025-03-02,West,India,Mumbai,Electronics,Laptop,Ananya Rao,Retail,18,55000,990000,614484.79,375515.21
1795,2025-05-22,West,India,Mumbai,Stationery,Printer Paper,Neha Gupta,Retail,180,300,54000,40381.1,13618.9
1796,2025-03-23,South,India,Bengaluru,Furniture,Conference Table,Amit Sharma,Corporate,16,40000,640000,447522.85,192477.15
1797,2025-11-12,East,India,Bhubaneswar,Electronics,Smartphone,Amit Sharma,Retail,14,30000,420000,262674.1,157325.9
1798,2025-01-15,North,India,Chandigarh,Furniture,Desk,Priya Mehta,Retail,6,15000,90000,53767.23,36232.77
1799,2025-06-16,South,India,Chennai,Furniture,Conference Table,Neha Gupta,Corporate,15,40000,600000,436687.2,163312.8
1800,2025-02-20,South,India,Bengaluru,Stationery,Printer Paper,Karan Patel,Retail,48,300,14400,9328.89,5071.11
1801,2025-09-06,West,India,Mumbai,Electronics,Smartphone,Karan Patel,Retail,3,30000,90000,62216.74,27783.26
1802,2025-07-11,South,India,Bengaluru,Furniture,Desk,Sneha Joshi,Retail,15,15000,225000,135769.1,89230.9
1803,2025-01-17,East,India,Kolkata,Electronics,Tablet,Vikram Singh,Retail,7,20000,140000,91107.44,48892.56
1804,2025-03-29,North,India,Chandigarh,Stationery,Printer Paper,Neha Gupta,Corporate,139,300,41700,28671.82,13028.18
1805,2025-11-10,South,India,Bengaluru,Stationery,Printer Paper,Neha Gupta,Retail,223,300,66900,49599.64,17300.36
1806,2025-04-21,West,India,Pune,Stationery,Printer Paper,Sneha Joshi,Corporate,153,300,45900,31981.47,13918.53
1807,2025-05-07,North,India,Delhi,Furniture,Conference Table,Ananya Rao,Corporate,14,40000,560000,431678.05,128321.95
1808,2025-01-03,South,India,Chennai,Furniture,Desk,Amit Sharma,Retail,5,15000,75000,61809.48,13190.52
1809,2025-09-29,West,India,Pune,Furniture,Conference Table,Sneha Joshi,Retail,17,40000,680000,380858.59,299141.41
1810,2025-01-07,West,India,Pune,Furniture,Office Chair,Neha Gupta,Retail,8,5000,40000,22997.1,17002.9
1811,2025-02-16,East,India,Kolkata,Electronics,Tablet,Sneha Joshi,Corporate,8,20000,160000,119086.73,40913.27
1812,2025-10-26,South,India,Bengaluru,Furniture,Conference Table,Sneha Joshi,Corporate,15,40000,600000,484425.98,115574.02
1813,2025-07-09,South,India,Chennai,Stationery,Printer Paper,Amit Sharma,Retail,200,300,60000,40296.49,19703.51
1814,2025-06-01,West,India,Pune,Furniture,Conference Table,Vikram Singh,Retail,11,40000,440000,312081.48,127918.52
1815,2025-01-29,North,India,Chandigarh,Furniture,Desk,Amit Sharma,Retail,11,15000,165000,127170.16,37829.84
1816,2025-07-07,West,India,Pune,Electronics,Tablet,Rahul Nair,Retail,15,20000,300000,220722.01,79277.99
1817,2025-02-28,South,India,Chennai,Electronics,Smartphone,Neha Gupta,Retail,11,30000,330000,205124.64,124875.36
1818,2025-08-05,East,India,Bhubaneswar,Electronics,Tablet,Amit Sharma,Retail,9,20000,180000,126192.56,53807.44
1819,2025-09-27,East,India,Kolkata,Electronics,Tablet,Sneha Joshi,Corporate,15,20000,300000,208760.42,91239.58
1820,2025-12-21,West,India,Mumbai,Furniture,Desk,Neha Gupta,Corporate,12,15000,180000,142194.81,37805.19
1821,2025-05-28,North,India,Delhi,Electronics,Laptop,Priya Mehta,Retail,13,55000,715000,585859.39,129140.61
1822,2025-04-15,East,India,Kolkata,Electronics,Laptop,Vikram Singh,Corporate,5,55000,275000,192197.12,82802.88
1823,2025-11-27,South,India,Bengaluru,Furniture,Office Chair,Vikram Singh,Retail,12,5000,60000,40562.34,19437.66
1824,2025-09-24,North,India,Chandigarh,Electronics,Laptop,Karan Patel,Corporate,8,55000,440000,352213.07,87786.93
1825,2025-09-29,East,India,Bhubaneswar,Furniture,Office Chair,Sneha Joshi,Corporate,19,5000,95000,71226.88,23773.12
1826,2025-05-14,South,India,Bengaluru,Stationery,Printer Paper,Sneha Joshi,Corporate,98,300,29400,17684.72,11715.28
1827,2025-06-30,East,India,Bhubaneswar,Stationery,Printer Paper,Sneha Joshi,Retail,236,300,70800,39945.05,30854.95
1828,2025-03-31,South,India,Bengaluru,Furniture,Conference Table,Rahul Nair,Retail,18,40000,720000,457613.26,262386.74
1829,2025-08-14,North,India,Chandigarh,Electronics,Laptop,Ananya Rao,Retail,11,55000,605000,437026.32,167973.68
1830,2025-06-26,South,India,Bengaluru,Furniture,Desk,Ananya Rao,Corporate,2,15000,30000,22489.98,7510.02
1831,2025-01-13,South,India,Chennai,Furniture,Desk,Sneha Joshi,Retail,10,15000,150000,87967.05,62032.95
1832,2025-10-07,West,India,Pune,Electronics,Tablet,Vikram Singh,Corporate,5,20000,100000,55128.83,44871.17
1833,2025-10-17,East,India,Bhubaneswar,Stationery,Printer Paper,Ananya Rao,Retail,166,300,49800,37353.3,12446.7
1834,2025-03-01,West,India,Pune,Electronics,Laptop,Amit Sharma,Corporate,5,55000,275000,207185.69,67814.31
1835,2025-01-29,South,India,Bengaluru,Furniture,Office Chair,Neha Gupta,Corporate,12,5000,60000,34664.66,25335.34
1836,2025-08-17,South,India,Bengaluru,Electronics,Laptop,Karan Patel,Retail,3,55000,165000,117401.41,47598.59
1837,2025-01-29,West,India,Pune,Electronics,Tablet,Karan Patel,Retail,20,20000,400000,292609.34,107390.66
1838,2025-05-26,West,India,Pune,Electronics,Tablet,Ananya Rao,Corporate,13,20000,260000,172080.83,87919.17
1839,2025-08-16,West,India,Pune,Stationery,Printer Paper,Sneha Joshi,Corporate,163,300,48900,28180.07,20719.93
1840,2025-08-06,South,India,Chennai,Stationery,Printer Paper,Rahul Nair,Retail,206,300,61800,51980.49,9819.51
1841,2025-09-26,South,India,Chennai,Electronics,Smartphone,Priya Mehta,Corporate,10,30000,300000,207715.18,92284.82
1842,2025-05-20,North,India,Chandigarh,Electronics,Laptop,Rahul Nair,Corporate,14,55000,770000,571064.19,198935.81
1843,2025-05-29,South,India,Chennai,Electronics,Smartphone,Amit Sharma,Corporate,6,30000,180000,143943.32,36056.68
1844,2025-04-25,East,India,Kolkata,Furniture,Office Chair,Amit Sharma,Retail,18,5000,90000,69476.11,20523.89
1845,2025-12-07,East,India,Bhubaneswar,Electronics,Tablet,Karan Patel,Retail,16,20000,320000,187920.98,132079.02
1846,2025-05-22,West,India,Pune,Furniture,Conference Table,Priya Mehta,Corporate,8,40000,320000,178730.49,141269.51
1847,2025-11-18,West,India,Pune,Furniture,Desk,Priya Mehta,Corporate,14,15000,210000,170205.79,39794.21
1848,2025-01-30,North,India,Delhi,Stationery,Printer Paper,Ananya Rao,Corporate,86,300,25800,15450.44,10349.56
1849,2025-07-04,South,India,Chennai,Electronics,Tablet,Ananya Rao,Retail,6,20000,120000,67903.98,52096.02
1850,2025-02-09,East,India,Kolkata,Electronics,Tablet,Rahul Nair,Retail,17,20000,340000,252172.55,87827.45
1851,2025-12-17,South,India,Chennai,Furniture,Desk,Vikram Singh,Corporate,11,15000,165000,133935.94,31064.06
1852,2025-03-15,North,India,Delhi,Furniture,Desk,Rahul Nair,Corporate,19,15000,285000,186814.31,98185.69
1853,2025-03-25,East,India,Kolkata,Stationery,Printer Paper,Neha Gupta,Retail,144,300,43200,29099.45,14100.55
1854,2025-10-14,South,India,Bengaluru,Stationery,Printer Paper,Karan Patel,Corporate,68,300,20400,16086.05,4313.95
1855,2025-09-03,North,India,Chandigarh,Electronics,Laptop,Vikram Singh,Corporate,5,55000,275000,227431.3,47568.7
1856,2025-11-02,South,India,Chennai,Stationery,Printer Paper,Rahul Nair,Corporate,133,300,39900,32595.02,7304.98
1857,2025-12-22,North,India,Delhi,Furniture,Conference Table,Neha Gupta,Corporate,4,40000,160000,98673.18,61326.82
1858,2025-08-06,South,India,Bengaluru,Electronics,Smartphone,Priya Mehta,Retail,5,30000,150000,126649.93,23350.07
1859,2025-02-25,West,India,Mumbai,Stationery,Printer Paper,Amit Sharma,Corporate,130,300,39000,21947.45,17052.55
1860,2025-12-08,North,India,Delhi,Electronics,Tablet,Priya Mehta,Retail,2,20000,40000,22794.97,17205.03
1861,2025-06-29,South,India,Bengaluru,Furniture,Desk,Priya Mehta,Retail,7,15000,105000,63570.63,41429.37
1862,2025-09-14,East,India,Kolkata,Furniture,Desk,Priya Mehta,Retail,12,15000,180000,118018.98,61981.02
1863,2025-05-25,North,India,Delhi,Furniture,Desk,Amit Sharma,Retail,7,15000,105000,80298.07,24701.93
1864,2025-10-29,South,India,Bengaluru,Furniture,Desk,Sneha Joshi,Retail,16,15000,240000,158385.34,81614.66
1865,2025-08-06,South,India,Bengaluru,Stationery,Printer Paper,Neha Gupta,Corporate,110,300,33000,27864.88,5135.12
1866,2025-02-26,North,India,Delhi,Stationery,Printer Paper,Sneha Joshi,Corporate,100,300,30000,17612.54,12387.46
1867,2025-09-10,East,India,Kolkata,Furniture,Desk,Karan Patel,Corporate,2,15000,30000,17240.23,12759.77
1868,2025-08-16,West,India,Mumbai,Furniture,Desk,Karan Patel,Corporate,10,15000,150000,113417.1,36582.9
1869,2025-09-01,West,India,Pune,Electronics,Smartphone,Rahul Nair,Retail,3,30000,90000,73658.38,16341.62
1870,2025-09-25,West,India,Mumbai,Furniture,Conference Table,Priya Mehta,Retail,4,40000,160000,107025.75,52974.25
1871,2025-03-28,West,India,Mumbai,Furniture,Office Chair,Ananya Rao,Retail,19,5000,95000,80110.77,14889.23
1872,2025-07-26,East,India,Kolkata,Electronics,Smartphone,Neha Gupta,Corporate,20,30000,600000,481925.31,118074.69
1873,2025-11-26,West,India,Pune,Electronics,Tablet,Ananya Rao,Corporate,19,20000,380000,276676.1,103323.9
1874,2025-08-21,West,India,Mumbai,Furniture,Office Chair,Priya Mehta,Corporate,17,5000,85000,53861.71,31138.29
1875,2025-03-10,West,India,Mumbai,Furniture,Office Chair,Priya Mehta,Retail,8,5000,40000,29540.45,10459.55
1876,2025-07-15,North,India,Chandigarh,Furniture,Office Chair,Rahul Nair,Corporate,1,5000,5000,4208.11,791.89
1877,2025-09-24,North,India,Chandigarh,Stationery,Printer Paper,Sneha Joshi,Retail,39,300,11700,8755.39,2944.61
1878,2025-05-14,East,India,Bhubaneswar,Furniture,Conference Table,Amit Sharma,Retail,16,40000,640000,446128.07,193871.93
1879,2025-07-12,West,India,Pune,Electronics,Laptop,Sneha Joshi,Retail,13,55000,715000,489799.78,225200.22
1880,2025-06-05,North,India,Delhi,Electronics,Smartphone,Sneha Joshi,Corporate,18,30000,540000,403824.59,136175.41
1881,2025-02-26,South,India,Chennai,Electronics,Tablet,Sneha Joshi,Corporate,13,20000,260000,181021.48,78978.52
1882,2025-09-11,South,India,Chennai,Furniture,Desk,Ananya Rao,Corporate,2,15000,30000,20022.46,9977.54
1883,2025-03-07,East,India,Bhubaneswar,Electronics,Laptop,Ananya Rao,Retail,1,55000,55000,39992.65,15007.35
1884,2025-07-02,East,India,Bhubaneswar,Furniture,Office Chair,Ananya Rao,Retail,4,5000,20000,13568.89,6431.11
1885,2025-10-31,South,India,Bengaluru,Electronics,Smartphone,Priya Mehta,Corporate,8,30000,240000,178661.96,61338.04
1886,2025-06-16,North,India,Delhi,Electronics,Tablet,Sneha Joshi,Corporate,6,20000,120000,66709.63,53290.37
1887,2025-10-29,West,India,Mumbai,Electronics,Tablet,Ananya Rao,Corporate,1,20000,20000,15175.75,4824.25
1888,2025-09-08,West,India,Mumbai,Electronics,Tablet,Neha Gupta,Corporate,19,20000,380000,220140.73,159859.27
1889,2025-06-03,West,India,Pune,Furniture,Desk,Karan Patel,Retail,11,15000,165000,98998.05,66001.95
1890,2025-10-02,West,India,Mumbai,Furniture,Conference Table,Vikram Singh,Corporate,3,40000,120000,96253.7,23746.3
1891,2025-04-26,North,India,Delhi,Electronics,Tablet,Priya Mehta,Corporate,19,20000,380000,254831.12,125168.88
1892,2025-09-01,East,India,Bhubaneswar,Electronics,Laptop,Neha Gupta,Corporate,19,55000,1045000,825921.71,219078.29
1893,2025-06-03,North,India,Chandigarh,Furniture,Conference Table,Ananya Rao,Retail,10,40000,400000,280556.74,119443.26
1894,2025-08-21,West,India,Mumbai,Furniture,Office Chair,Amit Sharma,Retail,9,5000,45000,33187.01,11812.99
1895,2025-11-23,West,India,Pune,Electronics,Smartphone,Amit Sharma,Retail,15,30000,450000,283671.35,166328.65
1896,2025-12-17,East,India,Bhubaneswar,Furniture,Office Chair,Karan Patel,Corporate,5,5000,25000,15552.8,9447.2
1897,2025-11-21,East,India,Kolkata,Stationery,Printer Paper,Karan Patel,Corporate,232,300,69600,57304.56,12295.44
1898,2025-11-04,East,India,Kolkata,Furniture,Conference Table,Karan Patel,Retail,6,40000,240000,150464.16,89535.84
1899,2025-06-08,North,India,Chandigarh,Electronics,Smartphone,Sneha Joshi,Corporate,7,30000,210000,117245.36,92754.64
1900,2025-05-20,West,India,Mumbai,Furniture,Conference Table,Amit Sharma,Corporate,2,40000,80000,48847.77,31152.23
1901,2025-01-22,East,India,Bhubaneswar,Furniture,Conference Table,Amit Sharma,Retail,18,40000,720000,434012.81,285987.19
1902,2025-02-02,North,India,Chandigarh,Electronics,Tablet,Ananya Rao,Retail,20,20000,400000,255757.5,144242.5
1903,2025-05-01,West,India,Mumbai,Stationery,Printer Paper,Priya Mehta,Corporate,205,300,61500,49373.74,12126.26
1904,2025-06-10,West,India,Pune,Electronics,Laptop,Karan Patel,Retail,8,55000,440000,321176.41,118823.59
1905,2025-04-20,West,India,Pune,Electronics,Smartphone,Sneha Joshi,Corporate,5,30000,150000,87306.63,62693.37
1906,2025-10-01,East,India,Bhubaneswar,Stationery,Printer Paper,Priya Mehta,Corporate,170,300,51000,28905.66,22094.34
1907,2025-03-16,West,India,Pune,Furniture,Office Chair,Sneha Joshi,Corporate,8,5000,40000,33559.78,6440.22
1908,2025-12-06,East,India,Kolkata,Electronics,Laptop,Neha Gupta,Corporate,20,55000,1100000,616487.11,483512.89
1909,2025-12-17,West,India,Mumbai,Electronics,Tablet,Neha Gupta,Corporate,12,20000,240000,197027.31,42972.69
1910,2025-05-11,West,India,Pune,Electronics,Laptop,Priya Mehta,Retail,13,55000,715000,592200.34,122799.66
1911,2025-11-20,East,India,Bhubaneswar,Electronics,Smartphone,Karan Patel,Retail,6,30000,180000,148458.1,31541.9
1912,2025-09-09,East,India,Bhubaneswar,Stationery,Printer Paper,Karan Patel,Corporate,40,300,12000,9563.51,2436.49
1913,2025-12-24,West,India,Pune,Stationery,Printer Paper,Priya Mehta,Corporate,45,300,13500,10763.82,2736.18
1914,2025-08-21,West,India,Mumbai,Furniture,Desk,Amit Sharma,Retail,18,15000,270000,208260.63,61739.37
1915,2025-07-25,West,India,Mumbai,Stationery,Printer Paper,Vikram Singh,Corporate,184,300,55200,32613.69,22586.31
1916,2025-11-29,North,India,Delhi,Electronics,Laptop,Karan Patel,Corporate,6,55000,330000,206210.75,123789.25
1917,2025-12-18,West,India,Pune,Furniture,Office Chair,Vikram Singh,Retail,5,5000,25000,15705.1,9294.9
1918,2025-07-13,North,India,Delhi,Furniture,Office Chair,Amit Sharma,Retail,12,5000,60000,36274.01,23725.99
1919,2025-12-26,South,India,Bengaluru,Electronics,Laptop,Amit Sharma,Corporate,15,55000,825000,502820.89,322179.11
1920,2025-07-08,West,India,Mumbai,Furniture,Desk,Priya Mehta,Retail,9,15000,135000,80294.67,54705.33
1921,2025-09-11,West,India,Mumbai,Stationery,Printer Paper,Neha Gupta,Retail,136,300,40800,32565.63,8234.37
1922,2025-05-28,South,India,Chennai,Stationery,Printer Paper,Karan Patel,Retail,228,300,68400,53669.14,14730.86
1923,2025-05-25,West,India,Mumbai,Stationery,Printer Paper,Karan Patel,Retail,72,300,21600,15768.54,5831.46
1924,2025-05-15,West,India,Mumbai,Stationery,Printer Paper,Sneha Joshi,Retail,57,300,17100,9552.61,7547.39
1925,2025-08-29,East,India,Kolkata,Furniture,Desk,Ananya Rao,Corporate,15,15000,225000,129537.36,95462.64
1926,2025-11-02,South,India,Chennai,Furniture,Conference Table,Priya Mehta,Retail,13,40000,520000,396518.69,123481.31
1927,2025-08-30,North,India,Chandigarh,Electronics,Laptop,Amit Sharma,Retail,11,55000,605000,501738.23,103261.77
1928,2025-07-22,East,India,Bhubaneswar,Furniture,Desk,Rahul Nair,Retail,20,15000,300000,199284.39,100715.61
1929,2025-06-23,South,India,Chennai,Electronics,Tablet,Rahul Nair,Retail,6,20000,120000,84134.88,35865.12
1930,2025-05-14,East,India,Kolkata,Furniture,Conference Table,Ananya Rao,Retail,17,40000,680000,462317.65,217682.35
1931,2025-08-09,South,India,Chennai,Furniture,Office Chair,Vikram Singh,Corporate,9,5000,45000,34845.62,10154.38
1932,2025-09-09,East,India,Kolkata,Furniture,Office Chair,Sneha Joshi,Retail,6,5000,30000,19339.89,10660.11
1933,2025-01-19,South,India,Chennai,Electronics,Smartphone,Vikram Singh,Retail,2,30000,60000,37137.49,22862.51
1934,2025-09-11,West,India,Mumbai,Furniture,Office Chair,Sneha Joshi,Corporate,4,5000,20000,16971.21,3028.79
1935,2025-03-17,West,India,Mumbai,Furniture,Office Chair,Ananya Rao,Retail,16,5000,80000,46699.78,33300.22
1936,2025-03-28,South,India,Chennai,Stationery,Printer Paper,Neha Gupta,Retail,92,300,27600,16675.82,10924.18
1937,2025-09-13,South,India,Bengaluru,Furniture,Office Chair,Ananya Rao,Retail,3,5000,15000,9357.71,5642.29
1938,2025-10-30,East,India,Kolkata,Furniture,Conference Table,Ananya Rao,Retail,4,40000,160000,106920.15,53079.85
1939,2025-12-04,North,India,Chandigarh,Electronics,Laptop,Sneha Joshi,Corporate,15,55000,825000,659348.06,165651.94
1940,2025-08-20,North,India,Chandigarh,Electronics,Tablet,Rahul Nair,Retail,2,20000,40000,29874.07,10125.93
1941,2025-01-29,North,India,Delhi,Stationery,Printer Paper,Karan Patel,Retail,184,300,55200,35045.72,20154.28
1942,2025-07-24,West,India,Mumbai,Electronics,Tablet,Amit Sharma,Retail,6,20000,120000,74642.88,45357.12
1943,2025-12-01,South,India,Bengaluru,Furniture,Office Chair,Priya Mehta,Corporate,13,5000,65000,41306.25,23693.75
1944,2025-06-08,West,India,Mumbai,Stationery,Printer Paper,Ananya Rao,Retail,130,300,39000,30059.9,8940.1
1945,2025-07-18,East,India,Bhubaneswar,Furniture,Desk,Vikram Singh,Corporate,7,15000,105000,73173.13,31826.87
1946,2025-11-11,North,India,Delhi,Stationery,Printer Paper,Karan Patel,Corporate,128,300,38400,30462.66,7937.34
1947,2025-08-26,North,India,Delhi,Electronics,Laptop,Rahul Nair,Corporate,17,55000,935000,610109.43,324890.57
1948,2025-09-02,North,India,Chandigarh,Electronics,Tablet,Rahul Nair,Retail,15,20000,300000,204362.0,95638.0
1949,2025-06-01,East,India,Kolkata,Stationery,Printer Paper,Priya Mehta,Retail,83,300,24900,17602.5,7297.5
1950,2025-08-26,North,India,Chandigarh,Furniture,Desk,Ananya Rao,Corporate,14,15000,210000,141520.22,68479.78
1951,2025-12-05,North,India,Chandigarh,Stationery,Printer Paper,Rahul Nair,Retail,148,300,44400,24636.7,19763.3
1952,2025-12-27,West,India,Pune,Electronics,Laptop,Ananya Rao,Corporate,3,55000,165000,111354.45,53645.55
1953,2025-04-06,West,India,Mumbai,Furniture,Desk,Rahul Nair,Retail,9,15000,135000,88074.04,46925.96
1954,2025-10-01,East,India,Kolkata,Stationery,Printer Paper,Amit Sharma,Corporate,192,300,57600,33517.39,24082.61
1955,2025-08-24,North,India,Chandigarh,Electronics,Laptop,Sneha Joshi,Corporate,6,55000,330000,246424.3,83575.7
1956,2025-02-14,East,India,Kolkata,Furniture,Conference Table,Rahul Nair,Retail,13,40000,520000,411523.95,108476.05
1957,2025-04-07,South,India,Bengaluru,Electronics,Laptop,Neha Gupta,Corporate,1,55000,55000,41734.54,13265.46
1958,2025-11-17,South,India,Bengaluru,Furniture,Conference Table,Priya Mehta,Corporate,8,40000,320000,217835.69,102164.31
1959,2025-03-01,West,India,Mumbai,Electronics,Smartphone,Rahul Nair,Corporate,16,30000,480000,324750.61,155249.39
1960,2025-10-27,West,India,Mumbai,Furniture,Office Chair,Neha Gupta,Corporate,1,5000,5000,4039.69,960.31
1961,2025-11-19,West,India,Pune,Electronics,Laptop,Karan Patel,Corporate,11,55000,605000,334179.18,270820.82
1962,2025-09-20,East,India,Bhubaneswar,Electronics,Laptop,Neha Gupta,Retail,16,55000,880000,589515.62,290484.38
1963,2025-02-02,North,India,Chandigarh,Furniture,Office Chair,Karan Patel,Corporate,19,5000,95000,61251.73,33748.27
1964,2025-06-27,North,India,Chandigarh,Furniture,Office Chair,Karan Patel,Retail,20,5000,100000,83168.93,16831.07
1965,2025-08-13,South,India,Bengaluru,Electronics,Tablet,Neha Gupta,Corporate,7,20000,140000,96708.1,43291.9
1966,2025-07-19,West,India,Pune,Electronics,Smartphone,Ananya Rao,Corporate,10,30000,300000,230069.55,69930.45
1967,2025-02-14,South,India,Chennai,Furniture,Desk,Rahul Nair,Retail,7,15000,105000,66647.4,38352.6
1968,2025-08-01,South,India,Chennai,Electronics,Smartphone,Vikram Singh,Retail,20,30000,600000,418593.43,181406.57
1969,2025-07-03,South,India,Chennai,Furniture,Desk,Ananya Rao,Retail,2,15000,30000,25493.35,4506.65
1970,2025-01-17,South,India,Bengaluru,Stationery,Printer Paper,Ananya Rao,Corporate,240,300,72000,58920.28,13079.72
1971,2025-04-25,North,India,Chandigarh,Furniture,Desk,Vikram Singh,Corporate,8,15000,120000,70344.77,49655.23
1972,2025-10-13,East,India,Bhubaneswar,Stationery,Printer Paper,Rahul Nair,Retail,31,300,9300,7263.56,2036.44
1973,2025-02-26,North,India,Delhi,Furniture,Office Chair,Priya Mehta,Retail,15,5000,75000,62909.56,12090.44
1974,2025-07-05,North,India,Delhi,Electronics,Smartphone,Vikram Singh,Corporate,4,30000,120000,97351.3,22648.7
1975,2025-07-06,West,India,Pune,Furniture,Conference Table,Rahul Nair,Retail,4,40000,160000,95406.2,64593.8
1976,2025-01-04,South,India,Bengaluru,Furniture,Office Chair,Sneha Joshi,Corporate,14,5000,70000,54653.61,15346.39
1977,2025-07-10,East,India,Bhubaneswar,Furniture,Desk,Ananya Rao,Retail,6,15000,90000,51801.31,38198.69
1978,2025-04-27,South,India,Bengaluru,Stationery,Printer Paper,Karan Patel,Corporate,212,300,63600,45085.73,18514.27
1979,2025-07-05,West,India,Mumbai,Furniture,Office Chair,Sneha Joshi,Retail,17,5000,85000,67012.49,17987.51
1980,2025-02-13,North,India,Chandigarh,Furniture,Conference Table,Ananya Rao,Corporate,17,40000,680000,566503.14,113496.86
1981,2025-01-19,South,India,Bengaluru,Furniture,Office Chair,Amit Sharma,Corporate,2,5000,10000,6679.8,3320.2
1982,2025-06-10,West,India,Pune,Furniture,Office Chair,Amit Sharma,Corporate,18,5000,90000,73085.75,16914.25
1983,2025-04-16,South,India,Chennai,Furniture,Conference Table,Ananya Rao,Corporate,13,40000,520000,355605.49,164394.51
1984,2025-06-21,South,India,Chennai,Electronics,Tablet,Rahul Nair,Corporate,3,20000,60000,33665.46,26334.54
1985,2025-09-24,South,India,Chennai,Electronics,Laptop,Rahul Nair,Retail,17,55000,935000,669025.93,265974.07
1986,2025-05-04,North,India,Chandigarh,Stationery,Printer Paper,Karan Patel,Retail,158,300,47400,34495.4,12904.6
1987,2025-09-17,North,India,Chandigarh,Stationery,Printer Paper,Priya Mehta,Retail,115,300,34500,21663.48,12836.52
1988,2025-01-03,North,India,Chandigarh,Furniture,Office Chair,Ananya Rao,Retail,10,5000,50000,36086.53,13913.47
1989,2025-10-21,South,India,Bengaluru,Electronics,Tablet,Karan Patel,Retail,10,20000,200000,127072.13,72927.87
1990,2025-07-04,North,India,Chandigarh,Electronics,Tablet,Priya Mehta,Retail,17,20000,340000,246401.64,93598.36
1991,2025-02-01,West,India,Pune,Stationery,Printer Paper,Rahul Nair,Corporate,125,300,37500,21546.91,15953.09
1992,2025-09-27,South,India,Chennai,Furniture,Office Chair,Karan Patel,Corporate,3,5000,15000,9911.82,5088.18
1993,2025-12-19,West,India,Pune,Furniture,Conference Table,Karan Patel,Retail,14,40000,560000,475413.98,84586.02
1994,2025-08-23,South,India,Bengaluru,Furniture,Desk,Priya Mehta,Retail,5,15000,75000,52157.2,22842.8
1995,2025-10-14,West,India,Pune,Furniture,Office Chair,Priya Mehta,Corporate,2,5000,10000,7739.49,2260.51
1996,2025-01-21,North,India,Delhi,Electronics,Laptop,Priya Mehta,Corporate,12,55000,660000,476209.42,183790.58
1997,2025-01-15,East,India,Kolkata,Electronics,Tablet,Rahul Nair,Corporate,10,20000,200000,127638.88,72361.12
1998,2025-09-08,North,India,Delhi,Electronics,Tablet,Priya Mehta,Corporate,10,20000,200000,122934.89,77065.11
1999,2025-10-21,North,India,Chandigarh,Stationery,Printer Paper,Sneha Joshi,Corporate,31,300,9300,6280.03,3019.97
2000,2025-03-12,West,India,Pune,Furniture,Office Chair,Sneha Joshi,Corporate,20,5000,100000,58984.29,41015.71
2001,2025-11-16,South,India,Chennai,Stationery,Printer Paper,Karan Patel,Retail,206,300,61800,40019.51,21780.49
2002,2025-12-10,West,India,Pune,Electronics,Tablet,Vikram Singh,Retail,18,20000,360000,202948.53,157051.47
2003,2025-12-29,South,India,Chennai,Furniture,Conference Table,Priya Mehta,Retail,1,40000,40000,28863.94,11136.06
2004,2025-01-28,South,India,Bengaluru,Furniture,Desk,Sneha Joshi,Retail,18,15000,270000,195225.3,74774.7
2005,2025-01-10,North,India,Chandigarh,Furniture,Conference Table,Neha Gupta,Retail,18,40000,720000,434824.57,285175.43
2006,2025-07-25,West,India,Mumbai,Electronics,Laptop,Sneha Joshi,Retail,18,55000,990000,724735.88,265264.12
2007,2025-09-28,East,India,Bhubaneswar,Furniture,Office Chair,Karan Patel,Corporate,6,5000,30000,20234.43,9765.57
2008,2025-05-27,North,India,Delhi,Electronics,Laptop,Rahul Nair,Corporate,4,55000,220000,156757.43,63242.57
2009,2025-12-14,North,India,Delhi,Electronics,Smartphone,Amit Sharma,Corporate,10,30000,300000,250694.83,49305.17
2010,2025-02-20,South,India,Chennai,Electronics,Laptop,Rahul Nair,Corporate,2,55000,110000,70334.8,39665.2
2011,2025-03-03,East,India,Kolkata,Electronics,Tablet,Neha Gupta,Retail,13,20000,260000,216443.05,43556.95
2012,2025-07-17,South,India,Bengaluru,Furniture,Office Chair,Vikram Singh,Retail,17,5000,85000,65935.94,19064.06
2013,2025-09-05,East,India,Kolkata,Furniture,Office Chair,Karan Patel,Retail,18,5000,90000,60491.06,29508.94
2014,2025-12-12,North,India,Delhi,Electronics,Tablet,Neha Gupta,Retail,18,20000,360000,302055.27,57944.73
2015,2025-11-22,East,India,Kolkata,Furniture,Desk,Rahul Nair,Corporate,14,15000,210000,143596.88,66403.12
2016,2025-08-05,South,India,Chennai,Stationery,Printer Paper,Amit Sharma,Retail,82,300,24600,17497.01,7102.99
2017,2025-03-27,West,India,Mumbai,Stationery,Printer Paper,Amit Sharma,Corporate,178,300,53400,34003.78,19396.22
2018,2025-07-14,East,India,Bhubaneswar,Furniture,Desk,Neha Gupta,Corporate,9,15000,135000,108249.25,26750.75
2019,2025-06-03,North,India,Delhi,Electronics,Smartphone,Karan Patel,Retail,18,30000,540000,388219.22,151780.78
2020,2025-08-10,South,India,Bengaluru,Furniture,Conference Table,Ananya Rao,Corporate,18,40000,720000,611745.39,108254.61
2021,2025-05-06,East,India,Bhubaneswar,Stationery,Printer Paper,Ananya Rao,Retail,201,300,60300,41354.67,18945.33
2022,2025-12-21,West,India,Mumbai,Furniture,Desk,Amit Sharma,Corporate,11,15000,165000,91535.79,73464.21
2023,2025-12-23,North,India,Chandigarh,Electronics,Laptop,Karan Patel,Retail,6,55000,330000,222403.14,107596.86
2024,2025-12-10,North,India,Chandigarh,Furniture,Desk,Priya Mehta,Corporate,1,15000,15000,12266.57,2733.43
2025,2025-04-01,West,India,Mumbai,Stationery,Printer Paper,Priya Mehta,Corporate,173,300,51900,34118.53,17781.47
2026,2025-01-11,East,India,Bhubaneswar,Electronics,Smartphone,Ananya Rao,Retail,15,30000,450000,248764.05,201235.95
2027,2025-04-24,North,India,Delhi,Stationery,Printer Paper,Sneha Joshi,Corporate,177,300,53100,39165.02,13934.98
2028,2025-12-28,North,India,Delhi,Electronics,Tablet,Amit Sharma,Retail,16,20000,320000,262832.73,57167.27
2029,2025-09-10,West,India,Mumbai,Electronics,Laptop,Neha Gupta,Retail,9,55000,495000,356761.68,138238.32
2030,2025-03-07,North,India,Chandigarh,Furniture,Desk,Neha Gupta,Corporate,5,15000,75000,58034.4,16965.6
2031,2025-12-21,South,India,Chennai,Stationery,Printer Paper,Sneha Joshi,Retail,193,300,57900,32246.55,25653.45
2032,2025-06-15,West,India,Pune,Furniture,Conference Table,Karan Patel,Corporate,2,40000,80000,64492.64,15507.36
2033,2025-07-05,North,India,Delhi,Furniture,Conference Table,Neha Gupta,Retail,17,40000,680000,469183.69,210816.31
2034,2025-01-03,East,India,Bhubaneswar,Furniture,Office Chair,Neha Gupta,Corporate,18,5000,90000,61619.26,28380.74
2035,2025-04-26,North,India,Chandigarh,Furniture,Desk,Priya Mehta,Retail,1,15000,15000,12706.19,2293.81
2036,2025-11-17,South,India,Bengaluru,Electronics,Smartphone,Amit Sharma,Corporate,11,30000,330000,212269.78,117730.22
2037,2025-11-17,West,India,Pune,Stationery,Printer Paper,Vikram Singh,Retail,26,300,7800,5676.52,2123.48
2038,2025-01-28,North,India,Chandigarh,Furniture,Office Chair,Neha Gupta,Retail,8,5000,40000,33505.63,6494.37
2039,2025-10-24,West,India,Mumbai,Stationery,Printer Paper,Priya Mehta,Retail,44,300,13200,9736.38,3463.62
2040,2025-12-22,North,India,Delhi,Furniture,Office Chair,Rahul Nair,Retail,11,5000,55000,44936.38,10063.62
2041,2025-08-10,West,India,Mumbai,Electronics,Laptop,Priya Mehta,Retail,10,55000,550000,403271.88,146728.12
2042,2025-11-13,North,India,Chandigarh,Electronics,Tablet,Neha Gupta,Retail,13,20000,260000,174331.28,85668.72
2043,2025-11-14,West,India,Mumbai,Furniture,Office Chair,Ananya Rao,Retail,15,5000,75000,59141.21,15858.79
2044,2025-02-25,West,India,Mumbai,Furniture,Desk,Amit Sharma,Retail,11,15000,165000,119846.76,45153.24
2045,2025-05-12,South,India,Chennai,Furniture,Desk,Karan Patel,Corporate,5,15000,75000,55590.68,19409.32
2046,2025-01-23,West,India,Mumbai,Electronics,Smartphone,Rahul Nair,Corporate,8,30000,240000,141912.43,98087.57
2047,2025-10-05,West,India,Mumbai,Furniture,Desk,Rahul Nair,Corporate,12,15000,180000,115804.16,64195.84
2048,2025-01-05,East,India,Kolkata,Furniture,Desk,Amit Sharma,Retail,11,15000,165000,105157.67,59842.33
2049,2025-04-13,North,India,Delhi,Furniture,Office Chair,Priya Mehta,Corporate,12,5000,60000,36517.33,23482.67
2050,2025-08-28,South,India,Chennai,Furniture,Conference Table,Ananya Rao,Corporate,16,40000,640000,485398.06,154601.94
2051,2025-01-22,West,India,Pune,Electronics,Tablet,Neha Gupta,Retail,6,20000,120000,69774.52,50225.48
2052,2025-04-20,South,India,Bengaluru,Furniture,Conference Table,Sneha Joshi,Corporate,8,40000,320000,220787.53,99212.47
2053,2025-01-04,West,India,Pune,Electronics,Smartphone,Amit Sharma,Retail,13,30000,390000,236056.61,153943.39
2054,2025-05-29,East,India,Bhubaneswar,Electronics,Laptop,Neha Gupta,Corporate,18,55000,990000,578711.22,411288.78
2055,2025-03-31,North,India,Delhi,Electronics,Laptop,Vikram Singh,Retail,7,55000,385000,234598.79,150401.21
2056,2025-04-11,East,India,Kolkata,Stationery,Printer Paper,Rahul Nair,Corporate,161,300,48300,30129.02,18170.98
2057,2025-02-26,North,India,Chandigarh,Electronics,Laptop,Neha Gupta,Corporate,5,55000,275000,182511.13,92488.87
2058,2025-12-05,West,India,Mumbai,Electronics,Smartphone,Karan Patel,Retail,12,30000,360000,285424.68,74575.32
2059,2025-04-09,North,India,Chandigarh,Electronics,Smartphone,Ananya Rao,Corporate,5,30000,150000,118270.42,31729.58
2060,2025-11-12,West,India,Mumbai,Furniture,Conference Table,Vikram Singh,Retail,8,40000,320000,264417.31,55582.69
2061,2025-05-24,East,India,Kolkata,Electronics,Smartphone,Sneha Joshi,Retail,2,30000,60000,44330.26,15669.74
2062,2025-11-11,North,India,Delhi,Stationery,Printer Paper,Rahul Nair,Corporate,140,300,42000,33066.56,8933.44
2063,2025-06-14,East,India,Bhubaneswar,Furniture,Office Chair,Sneha Joshi,Corporate,17,5000,85000,58588.82,26411.18
2064,2025-10-26,West,India,Mumbai,Electronics,Tablet,Neha Gupta,Retail,19,20000,380000,254707.85,125292.15
2065,2025-06-06,South,India,Chennai,Furniture,Office Chair,Karan Patel,Retail,8,5000,40000,26750.8,13249.2
2066,2025-02-13,East,India,Bhubaneswar,Electronics,Tablet,Sneha Joshi,Corporate,18,20000,360000,207153.96,152846.04
2067,2025-11-15,South,India,Chennai,Furniture,Desk,Karan Patel,Corporate,2,15000,30000,20687.28,9312.72
2068,2025-09-12,West,India,Pune,Furniture,Office Chair,Vikram Singh,Corporate,14,5000,70000,46217.75,23782.25
2069,2025-11-27,North,India,Delhi,Electronics,Smartphone,Ananya Rao,Retail,15,30000,450000,279061.7,170938.3
2070,2025-11-26,East,India,Kolkata,Stationery,Printer Paper,Vikram Singh,Retail,148,300,44400,31250.38,13149.62
2071,2025-10-07,North,India,Delhi,Electronics,Laptop,Ananya Rao,Retail,3,55000,165000,108581.73,56418.27
2072,2025-12-16,East,India,Bhubaneswar,Electronics,Tablet,Neha Gupta,Retail,10,20000,200000,154712.68,45287.32
2073,2025-06-27,East,India,Bhubaneswar,Electronics,Laptop,Karan Patel,Retail,10,55000,550000,349004.47,200995.53
2074,2025-03-18,West,India,Pune,Furniture,Conference Table,Neha Gupta,Retail,17,40000,680000,575812.02,104187.98
2075,2025-10-10,South,India,Chennai,Furniture,Office Chair,Sneha Joshi,Corporate,8,5000,40000,28189.9,11810.1
2076,2025-12-24,North,India,Chandigarh,Electronics,Tablet,Neha Gupta,Corporate,7,20000,140000,95009.3,44990.7
2077,2025-03-13,West,India,Mumbai,Stationery,Printer Paper,Vikram Singh,Retail,162,300,48600,27168.92,21431.08
2078,2025-06-23,West,India,Mumbai,Stationery,Printer Paper,Karan Patel,Corporate,188,300,56400,45136.34,11263.66
2079,2025-06-03,West,India,Pune,Stationery,Printer Paper,Amit Sharma,Retail,219,300,65700,49745.12,15954.88
2080,2025-11-05,South,India,Chennai,Electronics,Smartphone,Karan Patel,Retail,11,30000,330000,237750.9,92249.1
2081,2025-09-01,West,India,Mumbai,Electronics,Laptop,Ananya Rao,Corporate,18,55000,990000,659270.85,330729.15
2082,2025-10-11,East,India,Kolkata,Electronics,Laptop,Amit Sharma,Corporate,6,55000,330000,191827.0,138173.0
2083,2025-07-17,North,India,Chandigarh,Electronics,Smartphone,Neha Gupta,Retail,7,30000,210000,119877.94,90122.06
2084,2025-01-30,East,India,Bhubaneswar,Furniture,Conference Table,Amit Sharma,Retail,17,40000,680000,388275.8,291724.2
2085,2025-02-26,East,India,Kolkata,Stationery,Printer Paper,Karan Patel,Corporate,125,300,37500,25024.93,12475.07
2086,2025-04-16,North,India,Chandigarh,Furniture,Office Chair,Karan Patel,Corporate,7,5000,35000,20614.29,14385.71
2087,2025-10-28,South,India,Bengaluru,Furniture,Desk,Sneha Joshi,Corporate,19,15000,285000,237047.69,47952.31
2088,2025-07-24,South,India,Bengaluru,Electronics,Laptop,Ananya Rao,Corporate,5,55000,275000,188022.86,86977.14
2089,2025-02-16,West,India,Pune,Furniture,Office Chair,Sneha Joshi,Corporate,19,5000,95000,53363.92,41636.08
2090,2025-03-31,East,India,Bhubaneswar,Furniture,Office Chair,Neha Gupta,Retail,20,5000,100000,79702.89,20297.11
2091,2025-04-04,West,India,Mumbai,Furniture,Office Chair,Karan Patel,Retail,13,5000,65000,53511.25,11488.75
2092,2025-11-18,South,India,Chennai,Stationery,Printer Paper,Priya Mehta,Retail,60,300,18000,11378.39,6621.61
2093,2025-07-08,West,India,Mumbai,Furniture,Office Chair,Priya Mehta,Corporate,18,5000,90000,52773.23,37226.77
2094,2025-09-17,West,India,Mumbai,Furniture,Office Chair,Sneha Joshi,Retail,6,5000,30000,18774.9,11225.1
2095,2025-07-24,North,India,Delhi,Furniture,Conference Table,Karan Patel,Retail,15,40000,600000,398608.0,201392.0
2096,2025-03-11,North,India,Chandigarh,Electronics,Tablet,Sneha Joshi,Corporate,4,20000,80000,61018.39,18981.61
2097,2025-05-05,West,India,Pune,Electronics,Laptop,Rahul Nair,Corporate,3,55000,165000,117897.21,47102.79
2098,2025-01-10,East,India,Kolkata,Stationery,Printer Paper,Rahul Nair,Corporate,61,300,18300,11001.53,7298.47
2099,2025-12-10,North,India,Delhi,Furniture,Desk,Vikram Singh,Retail,13,15000,195000,117104.52,77895.48
2100,2025-01-18,West,India,Mumbai,Electronics,Tablet,Sneha Joshi,Retail,6,20000,120000,73800.21,46199.79
2101,2025-11-03,North,India,Delhi,Furniture,Office Chair,Amit Sharma,Corporate,10,5000,50000,34159.8,15840.2
2102,2025-04-13,South,India,Bengaluru,Electronics,Smartphone,Amit Sharma,Corporate,12,30000,360000,296145.69,63854.31
2103,2025-12-15,North,India,Delhi,Electronics,Laptop,Neha Gupta,Retail,11,55000,605000,481675.57,123324.43
2104,2025-09-20,South,India,Bengaluru,Furniture,Conference Table,Ananya Rao,Corporate,6,40000,240000,135168.9,104831.1
2105,2025-07-22,South,India,Chennai,Furniture,Desk,Priya Mehta,Retail,7,15000,105000,87181.31,17818.69
2106,2025-01-08,South,India,Chennai,Electronics,Laptop,Ananya Rao,Retail,12,55000,660000,427026.83,232973.17
2107,2025-12-03,West,India,Pune,Electronics,Smartphone,Ananya Rao,Retail,15,30000,450000,277212.99,172787.01
2108,2025-11-03,North,India,Chandigarh,Electronics,Smartphone,Priya Mehta,Retail,14,30000,420000,268993.32,151006.68
2109,2025-11-20,East,India,Bhubaneswar,Electronics,Laptop,Rahul Nair,Corporate,20,55000,1100000,712036.92,387963.08
2110,2025-12-08,South,India,Chennai,Furniture,Conference Table,Priya Mehta,Corporate,11,40000,440000,371098.84,68901.16
2111,2025-09-19,North,India,Delhi,Furniture,Desk,Amit Sharma,Retail,19,15000,285000,195131.94,89868.06
2112,2025-08-08,North,India,Delhi,Furniture,Desk,Priya Mehta,Retail,4,15000,60000,38559.28,21440.72
2113,2025-03-19,South,India,Chennai,Electronics,Tablet,Neha Gupta,Retail,16,20000,320000,204475.01,115524.99
2114,2025-08-16,South,India,Chennai,Furniture,Conference Table,Rahul Nair,Corporate,20,40000,800000,677252.33,122747.67
2115,2025-08-01,East,India,Bhubaneswar,Furniture,Conference Table,Amit Sharma,Retail,2,40000,80000,56500.95,23499.05
2116,2025-01-28,East,India,Kolkata,Electronics,Tablet,Neha Gupta,Corporate,8,20000,160000,97879.24,62120.76
2117,2025-02-03,East,India,Bhubaneswar,Electronics,Smartphone,Priya Mehta,Retail,15,30000,450000,332520.64,117479.36
2118,2025-03-06,North,India,Delhi,Furniture,Conference Table,Rahul Nair,Retail,5,40000,200000,166296.47,33703.53
2119,2025-08-28,South,India,Chennai,Furniture,Desk,Rahul Nair,Retail,3,15000,45000,30504.24,14495.76
2120,2025-06-05,South,India,Chennai,Furniture,Office Chair,Sneha Joshi,Retail,6,5000,30000,21952.66,8047.34
2121,2025-07-04,East,India,Bhubaneswar,Stationery,Printer Paper,Karan Patel,Retail,220,300,66000,45827.18,20172.82
2122,2025-08-10,West,India,Mumbai,Furniture,Office Chair,Sneha Joshi,Retail,14,5000,70000,49111.14,20888.86
2123,2025-06-03,West,India,Mumbai,Furniture,Office Chair,Rahul Nair,Corporate,3,5000,15000,11664.86,3335.14
2124,2025-07-12,West,India,Pune,Furniture,Office Chair,Priya Mehta,Corporate,10,5000,50000,34304.05,15695.95
2125,2025-04-08,South,India,Bengaluru,Furniture,Conference Table,Amit Sharma,Corporate,16,40000,640000,389577.42,250422.58
2126,2025-07-11,West,India,Pune,Furniture,Office Chair,Sneha Joshi,Corporate,14,5000,70000,58245.98,11754.02
2127,2025-03-05,North,India,Chandigarh,Furniture,Office Chair,Rahul Nair,Retail,2,5000,10000,8477.42,1522.58
2128,2025-09-08,West,India,Pune,Electronics,Tablet,Amit Sharma,Corporate,12,20000,240000,168691.8,71308.2
2129,2025-01-18,West,India,Pune,Furniture,Conference Table,Amit Sharma,Retail,8,40000,320000,199265.88,120734.12
2130,2025-03-17,East,India,Bhubaneswar,Furniture,Desk,Neha Gupta,Retail,15,15000,225000,187487.9,37512.1
2131,2025-07-16,North,India,Chandigarh,Electronics,Laptop,Priya Mehta,Retail,3,55000,165000,122647.67,42352.33
2132,2025-06-04,West,India,Pune,Electronics,Smartphone,Vikram Singh,Corporate,14,30000,420000,262861.78,157138.22
2133,2025-06-26,North,India,Delhi,Electronics,Laptop,Vikram Singh,Retail,19,55000,1045000,818242.66,226757.34
2134,2025-03-28,West,India,Pune,Furniture,Conference Table,Amit Sharma,Retail,10,40000,400000,220770.44,179229.56
2135,2025-08-02,North,India,Chandigarh,Stationery,Printer Paper,Karan Patel,Retail,198,300,59400,40115.9,19284.1
2136,2025-04-12,South,India,Chennai,Electronics,Tablet,Rahul Nair,Retail,6,20000,120000,91345.7,28654.3
2137,2025-01-31,West,India,Mumbai,Furniture,Desk,Neha Gupta,Corporate,7,15000,105000,63597.6,41402.4
2138,2025-11-22,West,India,Mumbai,Furniture,Office Chair,Priya Mehta,Corporate,20,5000,100000,58275.86,41724.14
2139,2025-06-25,North,India,Delhi,Furniture,Office Chair,Neha Gupta,Corporate,4,5000,20000,12660.57,7339.43
2140,2025-05-17,West,India,Mumbai,Furniture,Conference Table,Amit Sharma,Retail,4,40000,160000,88456.32,71543.68
2141,2025-09-24,South,India,Chennai,Furniture,Desk,Sneha Joshi,Corporate,1,15000,15000,9940.5,5059.5
2142,2025-12-16,East,India,Bhubaneswar,Furniture,Desk,Ananya Rao,Retail,14,15000,210000,136702.66,73297.34
2143,2025-01-30,East,India,Bhubaneswar,Furniture,Conference Table,Ananya Rao,Retail,13,40000,520000,345035.97,174964.03
2144,2025-03-13,North,India,Delhi,Furniture,Office Chair,Priya Mehta,Corporate,13,5000,65000,49891.79,15108.21
2145,2025-12-04,South,India,Chennai,Electronics,Tablet,Karan Patel,Retail,15,20000,300000,220651.65,79348.35
2146,2025-07-04,North,India,Delhi,Furniture,Conference Table,Ananya Rao,Corporate,11,40000,440000,244195.2,195804.8
2147,2025-11-10,South,India,Bengaluru,Furniture,Desk,Ananya Rao,Corporate,16,15000,240000,160811.89,79188.11
2148,2025-05-31,West,India,Mumbai,Furniture,Conference Table,Rahul Nair,Retail,4,40000,160000,123245.33,36754.67
2149,2025-12-11,South,India,Chennai,Furniture,Office Chair,Rahul Nair,Corporate,3,5000,15000,9606.07,5393.93
2150,2025-04-19,North,India,Delhi,Furniture,Office Chair,Priya Mehta,Retail,18,5000,90000,56004.34,33995.66
2151,2025-06-17,West,India,Pune,Furniture,Conference Table,Vikram Singh,Retail,1,40000,40000,23922.82,16077.18
2152,2025-12-10,East,India,Kolkata,Furniture,Conference Table,Rahul Nair,Corporate,16,40000,640000,534688.74,105311.26
2153,2025-04-25,North,India,Delhi,Stationery,Printer Paper,Ananya Rao,Corporate,197,300,59100,38405.56,20694.44
2154,2025-08-12,West,India,Mumbai,Furniture,Conference Table,Neha Gupta,Corporate,18,40000,720000,604709.57,115290.43
2155,2025-06-24,North,India,Delhi,Electronics,Tablet,Priya Mehta,Corporate,3,20000,60000,35004.89,24995.11
2156,2025-10-23,South,India,Bengaluru,Stationery,Printer Paper,Vikram Singh,Retail,100,300,30000,25086.62,4913.38
2157,2025-06-13,South,India,Chennai,Stationery,Printer Paper,Rahul Nair,Retail,119,300,35700,30129.19,5570.81
2158,2025-08-24,North,India,Chandigarh,Furniture,Office Chair,Rahul Nair,Corporate,1,5000,5000,3557.44,1442.56
2159,2025-05-26,South,India,Bengaluru,Furniture,Office Chair,Amit Sharma,Corporate,15,5000,75000,44567.07,30432.93
2160,2025-12-28,East,India,Bhubaneswar,Furniture,Desk,Neha Gupta,Corporate,4,15000,60000,37922.15,22077.85
2161,2025-06-20,East,India,Kolkata,Furniture,Conference Table,Neha Gupta,Retail,13,40000,520000,295174.76,224825.24
2162,2025-09-07,North,India,Chandigarh,Stationery,Printer Paper,Vikram Singh,Retail,218,300,65400,39482.38,25917.62
2163,2025-12-14,North,India,Chandigarh,Furniture,Desk,Ananya Rao,Corporate,13,15000,195000,126988.49,68011.51
2164,2025-05-25,West,India,Mumbai,Electronics,Laptop,Karan Patel,Retail,17,55000,935000,718104.67,216895.33
2165,2025-01-28,South,India,Chennai,Electronics,Tablet,Sneha Joshi,Retail,19,20000,380000,307707.52,72292.48
2166,2025-03-16,South,India,Bengaluru,Furniture,Office Chair,Neha Gupta,Retail,16,5000,80000,50985.96,29014.04
2167,2025-03-17,North,India,Chandigarh,Electronics,Tablet,Karan Patel,Retail,19,20000,380000,220622.05,159377.95
2168,2025-04-02,North,India,Delhi,Electronics,Laptop,Priya Mehta,Corporate,12,55000,660000,555883.43,104116.57
2169,2025-03-02,West,India,Mumbai,Electronics,Smartphone,Karan Patel,Corporate,13,30000,390000,243165.12,146834.88
2170,2025-12-01,East,India,Bhubaneswar,Furniture,Conference Table,Priya Mehta,Corporate,20,40000,800000,669093.29,130906.71
2171,2025-03-03,West,India,Mumbai,Electronics,Tablet,Priya Mehta,Retail,15,20000,300000,198059.08,101940.92
2172,2025-10-28,West,India,Pune,Furniture,Conference Table,Vikram Singh,Retail,17,40000,680000,419886.75,260113.25
2173,2025-12-26,South,India,Chennai,Furniture,Office Chair,Vikram Singh,Retail,16,5000,80000,67998.9,12001.1
2174,2025-10-03,North,India,Delhi,Electronics,Tablet,Karan Patel,Retail,3,20000,60000,45847.83,14152.17
2175,2025-09-29,West,India,Pune,Furniture,Desk,Priya Mehta,Retail,18,15000,270000,211961.44,58038.56
2176,2025-11-03,South,India,Bengaluru,Furniture,Conference Table,Amit Sharma,Corporate,4,40000,160000,96671.88,63328.12
2177,2025-04-16,East,India,Kolkata,Electronics,Laptop,Priya Mehta,Corporate,2,55000,110000,64750.93,45249.07
2178,2025-07-06,North,India,Delhi,Electronics,Laptop,Karan Patel,Retail,4,55000,220000,154405.79,65594.21
2179,2025-09-23,South,India,Chennai,Electronics,Tablet,Sneha Joshi,Retail,2,20000,40000,33354.58,6645.42
2180,2025-06-30,West,India,Mumbai,Furniture,Conference Table,Priya Mehta,Retail,11,40000,440000,310991.95,129008.05
2181,2025-04-21,South,India,Bengaluru,Electronics,Laptop,Neha Gupta,Corporate,7,55000,385000,228112.58,156887.42
2182,2025-10-09,East,India,Bhubaneswar,Electronics,Smartphone,Vikram Singh,Corporate,20,30000,600000,405962.7,194037.3
2183,2025-05-11,South,India,Chennai,Furniture,Office Chair,Rahul Nair,Retail,15,5000,75000,43123.22,31876.78
2184,2025-12-23,North,India,Delhi,Furniture,Conference Table,Ananya Rao,Retail,9,40000,360000,305498.8,54501.2
2185,2025-08-11,West,India,Pune,Stationery,Printer Paper,Amit Sharma,Retail,59,300,17700,11414.87,6285.13
2186,2025-12-17,North,India,Chandigarh,Electronics,Tablet,Priya Mehta,Corporate,4,20000,80000,56755.28,23244.72
2187,2025-03-16,North,India,Delhi,Electronics,Tablet,Vikram Singh,Retail,11,20000,220000,172352.68,47647.32
2188,2025-02-23,North,India,Delhi,Furniture,Office Chair,Rahul Nair,Corporate,8,5000,40000,26543.59,13456.41
2189,2025-10-20,West,India,Pune,Electronics,Laptop,Vikram Singh,Retail,17,55000,935000,612116.51,322883.49
2190,2025-07-19,North,India,Delhi,Electronics,Smartphone,Ananya Rao,Corporate,11,30000,330000,275204.52,54795.48
2191,2025-12-18,West,India,Mumbai,Furniture,Desk,Rahul Nair,Retail,5,15000,75000,47078.87,27921.13
2192,2025-11-24,West,India,Pune,Furniture,Desk,Neha Gupta,Corporate,9,15000,135000,76391.02,58608.98
2193,2025-08-28,West,India,Pune,Electronics,Smartphone,Vikram Singh,Corporate,15,30000,450000,380643.25,69356.75
2194,2025-07-28,South,India,Chennai,Electronics,Tablet,Priya Mehta,Retail,3,20000,60000,50054.18,9945.82
2195,2025-03-26,North,India,Delhi,Furniture,Conference Table,Priya Mehta,Corporate,8,40000,320000,266707.23,53292.77
2196,2025-08-06,West,India,Mumbai,Stationery,Printer Paper,Sneha Joshi,Corporate,243,300,72900,40328.89,32571.11
2197,2025-01-04,North,India,Chandigarh,Furniture,Office Chair,Ananya Rao,Retail,1,5000,5000,3674.43,1325.57
2198,2025-12-12,North,India,Delhi,Furniture,Desk,Rahul Nair,Retail,15,15000,225000,188863.7,36136.3
2199,2025-01-27,East,India,Bhubaneswar,Stationery,Printer Paper,Sneha Joshi,Corporate,54,300,16200,11406.51,4793.49
2200,2025-12-14,South,India,Bengaluru,Electronics,Tablet,Priya Mehta,Corporate,4,20000,80000,52111.01,27888.99
2201,2025-01-02,East,India,Bhubaneswar,Furniture,Office Chair,Neha Gupta,Corporate,10,5000,50000,31471.26,18528.74
2202,2025-01-30,North,India,Chandigarh,Furniture,Office Chair,Amit Sharma,Corporate,20,5000,100000,80450.55,19549.45
2203,2025-06-29,East,India,Kolkata,Electronics,Tablet,Karan Patel,Corporate,12,20000,240000,139715.81,100284.19
2204,2025-02-13,North,India,Delhi,Electronics,Laptop,Karan Patel,Retail,14,55000,770000,537162.65,232837.35
2205,2025-05-09,West,India,Mumbai,Electronics,Laptop,Sneha Joshi,Corporate,5,55000,275000,214729.43,60270.57
2206,2025-04-04,East,India,Bhubaneswar,Electronics,Tablet,Priya Mehta,Corporate,12,20000,240000,162840.59,77159.41
2207,2025-08-11,West,India,Mumbai,Electronics,Smartphone,Ananya Rao,Retail,5,30000,150000,98418.2,51581.8
2208,2025-07-22,North,India,Chandigarh,Electronics,Smartphone,Ananya Rao,Retail,10,30000,300000,168623.07,131376.93
2209,2025-12-07,South,India,Chennai,Furniture,Conference Table,Priya Mehta,Corporate,7,40000,280000,233663.57,46336.43
2210,2025-03-07,West,India,Pune,Furniture,Desk,Karan Patel,Corporate,16,15000,240000,189587.05,50412.95
2211,2025-03-06,South,India,Bengaluru,Electronics,Laptop,Ananya Rao,Retail,4,55000,220000,173319.06,46680.94
2212,2025-11-02,South,India,Bengaluru,Electronics,Laptop,Karan Patel,Corporate,11,55000,605000,410734.21,194265.79
2213,2025-08-08,East,India,Kolkata,Electronics,Tablet,Rahul Nair,Retail,16,20000,320000,183931.03,136068.97
2214,2025-12-25,South,India,Bengaluru,Electronics,Tablet,Karan Patel,Retail,4,20000,80000,64740.0,15260.0
2215,2025-09-15,West,India,Mumbai,Furniture,Conference Table,Neha Gupta,Retail,4,40000,160000,121654.96,38345.04
2216,2025-05-21,South,India,Bengaluru,Electronics,Laptop,Rahul Nair,Corporate,5,55000,275000,184355.86,90644.14
2217,2025-01-27,North,India,Chandigarh,Furniture,Desk,Karan Patel,Corporate,7,15000,105000,60614.47,44385.53
2218,2025-02-01,South,India,Chennai,Electronics,Smartphone,Amit Sharma,Corporate,11,30000,330000,223681.51,106318.49
2219,2025-06-29,North,India,Chandigarh,Electronics,Tablet,Neha Gupta,Corporate,12,20000,240000,152200.03,87799.97
2220,2025-12-05,North,India,Chandigarh,Electronics,Smartphone,Neha Gupta,Corporate,2,30000,60000,33009.65,26990.35
2221,2025-04-05,West,India,Pune,Electronics,Tablet,Sneha Joshi,Corporate,20,20000,400000,232091.4,167908.6
2222,2025-01-07,East,India,Kolkata,Electronics,Tablet,Ananya Rao,Corporate,4,20000,80000,46325.29,33674.71
2223,2025-07-10,East,India,Kolkata,Furniture,Conference Table,Vikram Singh,Retail,19,40000,760000,538580.55,221419.45
2224,2025-11-05,West,India,Mumbai,Electronics,Laptop,Amit Sharma,Retail,4,55000,220000,129612.04,90387.96
2225,2025-02-08,South,India,Chennai,Furniture,Conference Table,Vikram Singh,Corporate,15,40000,600000,496590.12,103409.88
2226,2025-04-09,South,India,Chennai,Furniture,Desk,Vikram Singh,Corporate,5,15000,75000,42235.75,32764.25
2227,2025-02-04,East,India,Bhubaneswar,Furniture,Office Chair,Karan Patel,Retail,4,5000,20000,16465.1,3534.9
2228,2025-03-08,South,India,Chennai,Furniture,Desk,Amit Sharma,Retail,9,15000,135000,102466.6,32533.4
2229,2025-09-30,South,India,Bengaluru,Furniture,Conference Table,Rahul Nair,Corporate,13,40000,520000,363224.04,156775.96
2230,2025-05-20,West,India,Mumbai,Furniture,Desk,Rahul Nair,Retail,13,15000,195000,130699.66,64300.34
2231,2025-01-05,South,India,Chennai,Furniture,Desk,Vikram Singh,Corporate,7,15000,105000,76401.55,28598.45
2232,2025-03-29,South,India,Bengaluru,Electronics,Tablet,Amit Sharma,Retail,9,20000,180000,128816.15,51183.85
2233,2025-05-23,East,India,Kolkata,Electronics,Laptop,Vikram Singh,Retail,5,55000,275000,228968.8,46031.2
2234,2025-01-01,South,India,Chennai,Stationery,Printer Paper,Ananya Rao,Corporate,73,300,21900,15557.29,6342.71
2235,2025-03-10,North,India,Chandigarh,Furniture,Conference Table,Vikram Singh,Corporate,18,40000,720000,453032.25,266967.75
2236,2025-04-23,North,India,Chandigarh,Furniture,Conference Table,Rahul Nair,Corporate,1,40000,40000,31887.18,8112.82
2237,2025-12-19,North,India,Chandigarh,Furniture,Desk,Vikram Singh,Retail,19,15000,285000,165850.85,119149.15
2238,2025-10-25,West,India,Pune,Electronics,Smartphone,Rahul Nair,Corporate,11,30000,330000,208110.56,121889.44
2239,2025-09-03,South,India,Bengaluru,Furniture,Conference Table,Sneha Joshi,Retail,14,40000,560000,369931.52,190068.48
2240,2025-09-09,West,India,Mumbai,Electronics,Smartphone,Vikram Singh,Retail,6,30000,180000,109198.44,70801.56
2241,2025-12-18,East,India,Kolkata,Electronics,Smartphone,Priya Mehta,Retail,6,30000,180000,143144.96,36855.04
2242,2025-11-27,North,India,Chandigarh,Furniture,Office Chair,Priya Mehta,Retail,8,5000,40000,27460.29,12539.71
2243,2025-01-11,North,India,Delhi,Furniture,Desk,Amit Sharma,Retail,4,15000,60000,39801.75,20198.25
2244,2025-11-18,South,India,Bengaluru,Electronics,Smartphone,Amit Sharma,Retail,3,30000,90000,56726.72,33273.28
2245,2025-03-13,East,India,Bhubaneswar,Stationery,Printer Paper,Sneha Joshi,Retail,201,300,60300,34702.02,25597.98
2246,2025-01-29,East,India,Bhubaneswar,Electronics,Tablet,Priya Mehta,Retail,16,20000,320000,190833.28,129166.72
2247,2025-09-19,North,India,Chandigarh,Electronics,Laptop,Rahul Nair,Retail,18,55000,990000,632631.33,357368.67
2248,2025-03-17,South,India,Chennai,Electronics,Laptop,Vikram Singh,Retail,8,55000,440000,298381.88,141618.12
2249,2025-02-26,West,India,Mumbai,Furniture,Conference Table,Priya Mehta,Corporate,4,40000,160000,111607.39,48392.61
2250,2025-07-04,East,India,Kolkata,Electronics,Laptop,Amit Sharma,Retail,20,55000,1100000,715129.18,384870.82
2251,2025-04-03,South,India,Chennai,Furniture,Office Chair,Rahul Nair,Corporate,17,5000,85000,55288.52,29711.48
2252,2025-09-13,East,India,Bhubaneswar,Electronics,Tablet,Vikram Singh,Retail,4,20000,80000,50506.24,29493.76
2253,2025-03-17,North,India,Chandigarh,Stationery,Printer Paper,Rahul Nair,Corporate,58,300,17400,13630.03,3769.97
2254,2025-02-27,West,India,Pune,Furniture,Conference Table,Vikram Singh,Retail,16,40000,640000,508412.75,131587.25
2255,2025-07-17,North,India,Chandigarh,Electronics,Tablet,Ananya Rao,Corporate,5,20000,100000,60456.17,39543.83
2256,2025-11-22,West,India,Pune,Furniture,Office Chair,Rahul Nair,Retail,14,5000,70000,51136.61,18863.39
2257,2025-10-01,West,India,Pune,Furniture,Office Chair,Neha Gupta,Corporate,18,5000,90000,62921.76,27078.24
2258,2025-12-22,North,India,Delhi,Furniture,Desk,Priya Mehta,Retail,14,15000,210000,148697.59,61302.41
2259,2025-01-09,East,India,Bhubaneswar,Electronics,Laptop,Sneha Joshi,Retail,7,55000,385000,326546.06,58453.94
2260,2025-03-13,North,India,Chandigarh,Electronics,Laptop,Sneha Joshi,Retail,12,55000,660000,434449.99,225550.01
2261,2025-01-29,West,India,Mumbai,Electronics,Smartphone,Priya Mehta,Retail,7,30000,210000,167652.77,42347.23
2262,2025-08-06,West,India,Pune,Furniture,Conference Table,Amit Sharma,Retail,1,40000,40000,30353.47,9646.53
2263,2025-01-16,North,India,Delhi,Furniture,Office Chair,Ananya Rao,Retail,20,5000,100000,81114.31,18885.69
2264,2025-08-02,North,India,Delhi,Electronics,Smartphone,Rahul Nair,Corporate,3,30000,90000,49836.9,40163.1
2265,2025-06-03,South,India,Chennai,Furniture,Conference Table,Karan Patel,Corporate,17,40000,680000,516507.04,163492.96
2266,2025-05-27,West,India,Mumbai,Stationery,Printer Paper,Rahul Nair,Retail,185,300,55500,42100.86,13399.14
2267,2025-01-06,North,India,Chandigarh,Furniture,Desk,Karan Patel,Corporate,6,15000,90000,63088.98,26911.02
2268,2025-04-27,East,India,Bhubaneswar,Furniture,Desk,Rahul Nair,Corporate,17,15000,255000,163661.6,91338.4
2269,2025-03-06,North,India,Delhi,Furniture,Desk,Karan Patel,Retail,13,15000,195000,164458.69,30541.31
2270,2025-10-14,South,India,Bengaluru,Furniture,Office Chair,Sneha Joshi,Corporate,6,5000,30000,23902.54,6097.46
2271,2025-03-26,East,India,Kolkata,Furniture,Conference Table,Ananya Rao,Corporate,13,40000,520000,415051.57,104948.43
2272,2025-07-05,South,India,Chennai,Electronics,Tablet,Amit Sharma,Retail,4,20000,80000,46505.6,33494.4
2273,2025-04-19,East,India,Kolkata,Electronics,Smartphone,Vikram Singh,Retail,18,30000,540000,314247.26,225752.74
2274,2025-02-13,South,India,Bengaluru,Furniture,Conference Table,Sneha Joshi,Retail,2,40000,80000,49768.04,30231.96
2275,2025-01-05,North,India,Chandigarh,Electronics,Tablet,Vikram Singh,Corporate,3,20000,60000,49983.16,10016.84
2276,2025-03-08,South,India,Bengaluru,Electronics,Tablet,Ananya Rao,Corporate,13,20000,260000,199603.67,60396.33
2277,2025-07-15,North,India,Chandigarh,Furniture,Desk,Amit Sharma,Corporate,5,15000,75000,41782.92,33217.08
2278,2025-11-17,South,India,Bengaluru,Electronics,Smartphone,Neha Gupta,Retail,15,30000,450000,258131.64,191868.36
2279,2025-09-14,South,India,Chennai,Stationery,Printer Paper,Sneha Joshi,Retail,203,300,60900,36437.33,24462.67
2280,2025-08-09,East,India,Kolkata,Electronics,Tablet,Karan Patel,Retail,12,20000,240000,176889.9,63110.1
2281,2025-03-20,South,India,Chennai,Furniture,Desk,Priya Mehta,Retail,20,15000,300000,171749.85,128250.15
2282,2025-02-14,South,India,Chennai,Stationery,Printer Paper,Priya Mehta,Corporate,242,300,72600,46671.83,25928.17
2283,2025-05-24,East,India,Bhubaneswar,Electronics,Smartphone,Ananya Rao,Retail,10,30000,300000,179532.52,120467.48
2284,2025-08-31,North,India,Chandigarh,Electronics,Smartphone,Sneha Joshi,Retail,15,30000,450000,282322.45,167677.55
2285,2025-05-27,North,India,Chandigarh,Furniture,Desk,Karan Patel,Retail,16,15000,240000,134850.67,105149.33
2286,2025-06-10,West,India,Pune,Electronics,Tablet,Priya Mehta,Corporate,17,20000,340000,273173.24,66826.76
2287,2025-11-26,West,India,Mumbai,Electronics,Tablet,Neha Gupta,Retail,2,20000,40000,29447.36,10552.64
2288,2025-03-23,South,India,Chennai,Stationery,Printer Paper,Priya Mehta,Retail,46,300,13800,8793.33,5006.67
2289,2025-06-28,West,India,Pune,Stationery,Printer Paper,Sneha Joshi,Corporate,138,300,41400,31080.85,10319.15
2290,2025-07-23,North,India,Chandigarh,Electronics,Laptop,Neha Gupta,Corporate,6,55000,330000,253946.03,76053.97
2291,2025-11-06,East,India,Bhubaneswar,Electronics,Laptop,Neha Gupta,Corporate,11,55000,605000,394899.87,210100.13
2292,2025-03-21,North,India,Chandigarh,Electronics,Tablet,Rahul Nair,Retail,15,20000,300000,168445.41,131554.59
2293,2025-07-14,East,India,Kolkata,Furniture,Desk,Ananya Rao,Corporate,2,15000,30000,25390.3,4609.7
2294,2025-01-12,West,India,Pune,Electronics,Smartphone,Vikram Singh,Corporate,2,30000,60000,36806.87,23193.13
2295,2025-07-27,South,India,Bengaluru,Electronics,Laptop,Vikram Singh,Corporate,5,55000,275000,156963.87,118036.13
2296,2025-05-13,West,India,Mumbai,Furniture,Desk,Amit Sharma,Retail,7,15000,105000,78843.8,26156.2
2297,2025-06-28,West,India,Pune,Electronics,Tablet,Sneha Joshi,Corporate,10,20000,200000,119872.0,80128.0
2298,2025-12-21,South,India,Chennai,Furniture,Conference Table,Amit Sharma,Retail,14,40000,560000,367588.32,192411.68
2299,2025-06-15,North,India,Chandigarh,Furniture,Conference Table,Amit Sharma,Retail,19,40000,760000,558564.82,201435.18
2300,2025-02-28,West,India,Pune,Electronics,Smartphone,Vikram Singh,Retail,16,30000,480000,388459.39,91540.61
2301,2025-08-19,West,India,Mumbai,Stationery,Printer Paper,Amit Sharma,Retail,239,300,71700,42139.18,29560.82
2302,2025-11-04,South,India,Chennai,Furniture,Office Chair,Neha Gupta,Corporate,18,5000,90000,70408.38,19591.62
2303,2025-07-09,South,India,Chennai,Electronics,Smartphone,Amit Sharma,Corporate,19,30000,570000,476822.86,93177.14
2304,2025-11-29,East,India,Bhubaneswar,Furniture,Desk,Karan Patel,Corporate,4,15000,60000,45587.71,14412.29
2305,2025-06-21,East,India,Kolkata,Electronics,Tablet,Rahul Nair,Corporate,18,20000,360000,243991.71,116008.29
2306,2025-03-25,West,India,Pune,Electronics,Tablet,Karan Patel,Corporate,6,20000,120000,85899.13,34100.87
2307,2025-02-20,West,India,Mumbai,Furniture,Conference Table,Priya Mehta,Retail,10,40000,400000,304251.11,95748.89
2308,2025-11-16,North,India,Delhi,Furniture,Desk,Sneha Joshi,Retail,14,15000,210000,122031.54,87968.46
2309,2025-08-21,East,India,Bhubaneswar,Stationery,Printer Paper,Priya Mehta,Retail,127,300,38100,23376.69,14723.31
2310,2025-08-26,West,India,Pune,Electronics,Laptop,Karan Patel,Retail,12,55000,660000,554587.99,105412.01
2311,2025-05-18,East,India,Bhubaneswar,Stationery,Printer Paper,Vikram Singh,Corporate,77,300,23100,16222.4,6877.6
2312,2025-01-14,South,India,Bengaluru,Electronics,Laptop,Ananya Rao,Corporate,14,55000,770000,431047.84,338952.16
2313,2025-05-04,East,India,Bhubaneswar,Electronics,Smartphone,Neha Gupta,Corporate,19,30000,570000,483273.78,86726.22
2314,2025-11-22,North,India,Chandigarh,Stationery,Printer Paper,Rahul Nair,Corporate,167,300,50100,34004.41,16095.59
2315,2025-02-20,East,India,Kolkata,Furniture,Desk,Priya Mehta,Corporate,6,15000,90000,61309.84,28690.16
2316,2025-06-15,East,India,Kolkata,Stationery,Printer Paper,Priya Mehta,Retail,161,300,48300,28869.68,19430.32
2317,2025-10-31,North,India,Delhi,Furniture,Office Chair,Amit Sharma,Retail,1,5000,5000,3693.34,1306.66
2318,2025-11-21,West,India,Pune,Electronics,Laptop,Rahul Nair,Retail,5,55000,275000,232381.67,42618.33
2319,2025-05-06,South,India,Chennai,Electronics,Tablet,Vikram Singh,Retail,7,20000,140000,99487.52,40512.48
2320,2025-11-23,East,India,Kolkata,Electronics,Laptop,Priya Mehta,Corporate,5,55000,275000,203013.64,71986.36
2321,2025-04-03,North,India,Delhi,Electronics,Laptop,Priya Mehta,Corporate,5,55000,275000,174553.2,100446.8
2322,2025-09-09,East,India,Kolkata,Stationery,Printer Paper,Karan Patel,Retail,73,300,21900,14612.56,7287.44
2323,2025-08-03,West,India,Pune,Furniture,Conference Table,Ananya Rao,Corporate,3,40000,120000,73570.66,46429.34
2324,2025-04-02,South,India,Bengaluru,Electronics,Smartphone,Priya Mehta,Corporate,10,30000,300000,165912.63,134087.37
2325,2025-01-03,East,India,Kolkata,Furniture,Office Chair,Vikram Singh,Retail,20,5000,100000,72999.79,27000.21
2326,2025-09-23,South,India,Bengaluru,Furniture,Desk,Neha Gupta,Corporate,1,15000,15000,10661.79,4338.21
2327,2025-04-23,North,India,Delhi,Electronics,Smartphone,Rahul Nair,Corporate,1,30000,30000,19447.86,10552.14
2328,2025-06-28,East,India,Bhubaneswar,Furniture,Office Chair,Sneha Joshi,Corporate,7,5000,35000,29258.91,5741.09
2329,2025-05-09,West,India,Mumbai,Furniture,Desk,Neha Gupta,Corporate,13,15000,195000,161207.36,33792.64
2330,2025-10-28,West,India,Pune,Electronics,Laptop,Rahul Nair,Retail,19,55000,1045000,823403.54,221596.46
2331,2025-05-20,West,India,Pune,Furniture,Office Chair,Priya Mehta,Corporate,15,5000,75000,50784.09,24215.91
2332,2025-11-20,West,India,Mumbai,Electronics,Smartphone,Sneha Joshi,Retail,19,30000,570000,373848.55,196151.45
2333,2025-05-31,North,India,Chandigarh,Furniture,Desk,Karan Patel,Retail,9,15000,135000,98018.2,36981.8
2334,2025-04-06,North,India,Chandigarh,Electronics,Smartphone,Neha Gupta,Retail,11,30000,330000,224009.29,105990.71
2335,2025-06-10,South,India,Bengaluru,Furniture,Conference Table,Amit Sharma,Corporate,12,40000,480000,317562.86,162437.14
2336,2025-10-18,North,India,Chandigarh,Furniture,Conference Table,Neha Gupta,Retail,11,40000,440000,270217.96,169782.04
2337,2025-04-22,West,India,Mumbai,Electronics,Tablet,Vikram Singh,Retail,20,20000,400000,245461.02,154538.98
2338,2025-06-13,West,India,Mumbai,Furniture,Conference Table,Neha Gupta,Retail,14,40000,560000,361387.59,198612.41
2339,2025-08-04,West,India,Mumbai,Furniture,Office Chair,Priya Mehta,Corporate,2,5000,10000,8470.78,1529.22
2340,2025-05-02,South,India,Bengaluru,Furniture,Desk,Vikram Singh,Retail,11,15000,165000,120012.97,44987.03
2341,2025-07-26,North,India,Delhi,Furniture,Office Chair,Amit Sharma,Corporate,10,5000,50000,29465.87,20534.13
2342,2025-08-01,North,India,Chandigarh,Electronics,Laptop,Vikram Singh,Corporate,16,55000,880000,509111.63,370888.37
2343,2025-06-10,East,India,Bhubaneswar,Furniture,Office Chair,Amit Sharma,Corporate,3,5000,15000,10754.03,4245.97
2344,2025-11-25,East,India,Kolkata,Furniture,Conference Table,Ananya Rao,Retail,15,40000,600000,418800.59,181199.41
2345,2025-03-13,North,India,Delhi,Electronics,Smartphone,Ananya Rao,Corporate,2,30000,60000,47858.22,12141.78
2346,2025-07-08,South,India,Bengaluru,Electronics,Smartphone,Amit Sharma,Corporate,3,30000,90000,54661.31,35338.69
2347,2025-02-08,North,India,Chandigarh,Electronics,Laptop,Ananya Rao,Corporate,2,55000,110000,91755.78,18244.22
2348,2025-10-26,East,India,Bhubaneswar,Furniture,Conference Table,Priya Mehta,Retail,6,40000,240000,198589.81,41410.19
2349,2025-07-31,East,India,Bhubaneswar,Stationery,Printer Paper,Priya Mehta,Retail,57,300,17100,13268.07,3831.93
2350,2025-06-14,West,India,Pune,Furniture,Conference Table,Neha Gupta,Retail,16,40000,640000,539459.09,100540.91
2351,2025-06-30,East,India,Kolkata,Stationery,Printer Paper,Neha Gupta,Retail,95,300,28500,21757.31,6742.69
2352,2025-12-10,North,India,Delhi,Furniture,Office Chair,Sneha Joshi,Corporate,2,5000,10000,6137.43,3862.57
2353,2025-10-30,South,India,Chennai,Furniture,Office Chair,Vikram Singh,Corporate,4,5000,20000,13042.7,6957.3
2354,2025-03-08,South,India,Bengaluru,Stationery,Printer Paper,Ananya Rao,Corporate,149,300,44700,26001.91,18698.09
2355,2025-07-24,West,India,Mumbai,Stationery,Printer Paper,Priya Mehta,Corporate,178,300,53400,37595.69,15804.31
2356,2025-10-23,West,India,Mumbai,Electronics,Smartphone,Rahul Nair,Corporate,10,30000,300000,250634.51,49365.49
2357,2025-08-24,North,India,Delhi,Furniture,Conference Table,Vikram Singh,Retail,4,40000,160000,99547.0,60453.0
2358,2025-05-16,West,India,Mumbai,Furniture,Conference Table,Priya Mehta,Corporate,17,40000,680000,466338.75,213661.25
2359,2025-08-09,West,India,Pune,Electronics,Smartphone,Amit Sharma,Corporate,5,30000,150000,100361.76,49638.24
2360,2025-07-15,East,India,Bhubaneswar,Electronics,Tablet,Neha Gupta,Corporate,4,20000,80000,45179.23,34820.77
2361,2025-09-29,South,India,Chennai,Furniture,Office Chair,Karan Patel,Retail,6,5000,30000,21846.44,8153.56
2362,2025-04-23,North,India,Delhi,Furniture,Conference Table,Amit Sharma,Retail,8,40000,320000,268061.28,51938.72
2363,2025-05-22,East,India,Kolkata,Electronics,Smartphone,Karan Patel,Corporate,3,30000,90000,63867.56,26132.44
2364,2025-12-21,West,India,Pune,Electronics,Laptop,Sneha Joshi,Retail,8,55000,440000,338878.02,101121.98
2365,2025-05-28,South,India,Chennai,Stationery,Printer Paper,Amit Sharma,Retail,72,300,21600,14132.66,7467.34
2366,2025-06-06,South,India,Bengaluru,Furniture,Desk,Rahul Nair,Corporate,20,15000,300000,207908.25,92091.75
2367,2025-08-22,North,India,Delhi,Electronics,Smartphone,Amit Sharma,Corporate,6,30000,180000,116936.39,63063.61
2368,2025-05-16,West,India,Mumbai,Electronics,Tablet,Rahul Nair,Retail,1,20000,20000,12065.09,7934.91
2369,2025-05-07,East,India,Bhubaneswar,Furniture,Office Chair,Priya Mehta,Retail,19,5000,95000,52278.68,42721.32
2370,2025-09-26,North,India,Delhi,Furniture,Desk,Rahul Nair,Retail,10,15000,150000,120091.16,29908.84
2371,2025-06-29,North,India,Chandigarh,Electronics,Tablet,Sneha Joshi,Corporate,11,20000,220000,150872.68,69127.32
2372,2025-06-04,East,India,Bhubaneswar,Furniture,Office Chair,Sneha Joshi,Retail,1,5000,5000,3991.62,1008.38
2373,2025-01-11,East,India,Kolkata,Furniture,Conference Table,Karan Patel,Retail,17,40000,680000,522555.97,157444.03
2374,2025-10-23,South,India,Chennai,Electronics,Tablet,Ananya Rao,Retail,16,20000,320000,178966.85,141033.15
2375,2025-05-21,North,India,Chandigarh,Electronics,Smartphone,Rahul Nair,Corporate,13,30000,390000,289231.85,100768.15
2376,2025-05-22,East,India,Bhubaneswar,Electronics,Tablet,Neha Gupta,Retail,13,20000,260000,188953.53,71046.47
2377,2025-08-21,East,India,Bhubaneswar,Stationery,Printer Paper,Vikram Singh,Retail,176,300,52800,30987.71,21812.29
2378,2025-03-18,North,India,Chandigarh,Furniture,Office Chair,Rahul Nair,Corporate,5,5000,25000,17247.38,7752.62
2379,2025-01-08,West,India,Pune,Electronics,Tablet,Amit Sharma,Retail,3,20000,60000,47396.13,12603.87
2380,2025-09-08,East,India,Bhubaneswar,Stationery,Printer Paper,Amit Sharma,Corporate,171,300,51300,30114.68,21185.32
2381,2025-03-12,East,India,Bhubaneswar,Furniture,Conference Table,Vikram Singh,Retail,1,40000,40000,22598.82,17401.18
2382,2025-04-11,North,India,Chandigarh,Furniture,Conference Table,Priya Mehta,Corporate,9,40000,360000,213405.58,146594.42
2383,2025-05-08,South,India,Chennai,Electronics,Laptop,Karan Patel,Corporate,16,55000,880000,730294.78,149705.22
2384,2025-03-30,North,India,Chandigarh,Electronics,Tablet,Ananya Rao,Retail,10,20000,200000,145822.33,54177.67
2385,2025-04-13,South,India,Chennai,Electronics,Tablet,Vikram Singh,Retail,5,20000,100000,67489.37,32510.63
2386,2025-07-12,East,India,Bhubaneswar,Furniture,Desk,Priya Mehta,Retail,15,15000,225000,160593.57,64406.43
2387,2025-12-17,West,India,Pune,Furniture,Conference Table,Sneha Joshi,Corporate,11,40000,440000,308503.6,131496.4
2388,2025-08-25,West,India,Mumbai,Furniture,Office Chair,Amit Sharma,Corporate,14,5000,70000,58690.39,11309.61
2389,2025-06-04,North,India,Delhi,Stationery,Printer Paper,Ananya Rao,Retail,55,300,16500,12120.28,4379.72
2390,2025-12-10,East,India,Kolkata,Electronics,Laptop,Sneha Joshi,Corporate,13,55000,715000,420263.24,294736.76
2391,2025-11-29,North,India,Delhi,Electronics,Laptop,Ananya Rao,Retail,2,55000,110000,69415.77,40584.23
2392,2025-02-01,East,India,Kolkata,Furniture,Desk,Amit Sharma,Retail,16,15000,240000,181722.69,58277.31
2393,2025-12-12,South,India,Bengaluru,Furniture,Desk,Vikram Singh,Corporate,16,15000,240000,141821.0,98179.0
2394,2025-04-13,North,India,Delhi,Stationery,Printer Paper,Priya Mehta,Retail,144,300,43200,31842.68,11357.32
2395,2025-05-07,South,India,Bengaluru,Furniture,Desk,Priya Mehta,Corporate,4,15000,60000,42356.81,17643.19
2396,2025-01-29,North,India,Delhi,Stationery,Printer Paper,Vikram Singh,Corporate,149,300,44700,30536.57,14163.43
2397,2025-10-07,West,India,Pune,Electronics,Smartphone,Sneha Joshi,Retail,8,30000,240000,192603.9,47396.1
2398,2025-12-03,West,India,Mumbai,Electronics,Smartphone,Rahul Nair,Retail,1,30000,30000,18163.27,11836.73
2399,2025-02-21,West,India,Pune,Furniture,Office Chair,Ananya Rao,Corporate,10,5000,50000,31841.74,18158.26
2400,2025-08-06,West,India,Mumbai,Furniture,Office Chair,Amit Sharma,Corporate,4,5000,20000,13783.78,6216.22
2401,2025-10-25,West,India,Pune,Electronics,Laptop,Amit Sharma,Corporate,19,55000,1045000,696836.12,348163.88
2402,2025-08-23,North,India,Chandigarh,Electronics,Tablet,Amit Sharma,Retail,5,20000,100000,69037.21,30962.79
2403,2025-12-28,East,India,Bhubaneswar,Furniture,Desk,Priya Mehta,Retail,17,15000,255000,156374.68,98625.32
2404,2025-03-13,South,India,Chennai,Electronics,Tablet,Vikram Singh,Corporate,19,20000,380000,247679.18,132320.82
2405,2025-08-30,North,India,Delhi,Stationery,Printer Paper,Vikram Singh,Retail,185,300,55500,38579.35,16920.65
2406,2025-11-13,East,India,Bhubaneswar,Furniture,Desk,Priya Mehta,Retail,19,15000,285000,186512.14,98487.86
2407,2025-02-19,North,India,Delhi,Stationery,Printer Paper,Sneha Joshi,Corporate,207,300,62100,37120.52,24979.48
2408,2025-05-02,East,India,Kolkata,Stationery,Printer Paper,Rahul Nair,Corporate,79,300,23700,20012.24,3687.76
2409,2025-02-28,West,India,Mumbai,Electronics,Laptop,Priya Mehta,Corporate,2,55000,110000,80692.82,29307.18
2410,2025-06-14,East,India,Kolkata,Furniture,Desk,Sneha Joshi,Corporate,1,15000,15000,12405.98,2594.02
2411,2025-04-11,South,India,Chennai,Furniture,Conference Table,Sneha Joshi,Corporate,19,40000,760000,544874.75,215125.25
2412,2025-08-11,East,India,Kolkata,Electronics,Smartphone,Priya Mehta,Retail,7,30000,210000,162255.7,47744.3
2413,2025-01-03,North,India,Chandigarh,Electronics,Smartphone,Karan Patel,Retail,2,30000,60000,47580.16,12419.84
2414,2025-04-17,East,India,Bhubaneswar,Electronics,Smartphone,Ananya Rao,Corporate,17,30000,510000,356414.85,153585.15
2415,2025-11-17,South,India,Chennai,Stationery,Printer Paper,Priya Mehta,Retail,37,300,11100,7566.46,3533.54
2416,2025-03-02,South,India,Chennai,Stationery,Printer Paper,Neha Gupta,Retail,152,300,45600,29159.75,16440.25
2417,2025-05-29,East,India,Bhubaneswar,Electronics,Laptop,Karan Patel,Corporate,8,55000,440000,350415.27,89584.73
2418,2025-05-28,North,India,Delhi,Stationery,Printer Paper,Neha Gupta,Corporate,243,300,72900,43547.46,29352.54
2419,2025-02-26,West,India,Pune,Furniture,Desk,Vikram Singh,Retail,2,15000,30000,21413.47,8586.53
2420,2025-06-21,North,India,Delhi,Electronics,Tablet,Rahul Nair,Retail,14,20000,280000,175914.01,104085.99
2421,2025-02-01,East,India,Kolkata,Stationery,Printer Paper,Sneha Joshi,Retail,189,300,56700,46703.56,9996.44
2422,2025-11-03,North,India,Delhi,Electronics,Tablet,Sneha Joshi,Retail,3,20000,60000,50098.34,9901.66
2423,2025-09-12,East,India,Kolkata,Furniture,Conference Table,Ananya Rao,Corporate,2,40000,80000,46497.47,33502.53
2424,2025-01-29,West,India,Mumbai,Electronics,Tablet,Neha Gupta,Corporate,8,20000,160000,89029.28,70970.72
2425,2025-07-13,North,India,Delhi,Furniture,Desk,Karan Patel,Corporate,16,15000,240000,135754.11,104245.89
2426,2025-11-12,South,India,Chennai,Electronics,Laptop,Ananya Rao,Retail,15,55000,825000,482953.16,342046.84
2427,2025-02-17,East,India,Kolkata,Furniture,Office Chair,Neha Gupta,Corporate,2,5000,10000,6214.51,3785.49
2428,2025-05-08,North,India,Delhi,Stationery,Printer Paper,Priya Mehta,Retail,23,300,6900,5602.64,1297.36
2429,2025-06-10,South,India,Chennai,Furniture,Office Chair,Neha Gupta,Corporate,6,5000,30000,19043.36,10956.64
2430,2025-03-04,South,India,Bengaluru,Furniture,Desk,Priya Mehta,Corporate,13,15000,195000,135254.03,59745.97
2431,2025-04-23,South,India,Chennai,Furniture,Office Chair,Vikram Singh,Corporate,12,5000,60000,49157.52,10842.48
2432,2025-05-17,East,India,Bhubaneswar,Stationery,Printer Paper,Priya Mehta,Retail,187,300,56100,34964.98,21135.02
2433,2025-02-10,East,India,Kolkata,Furniture,Office Chair,Rahul Nair,Retail,20,5000,100000,69586.23,30413.77
2434,2025-07-10,East,India,Kolkata,Furniture,Conference Table,Amit Sharma,Retail,18,40000,720000,441526.24,278473.76
2435,2025-01-11,West,India,Pune,Furniture,Conference Table,Amit Sharma,Corporate,15,40000,600000,501548.09,98451.91
2436,2025-02-13,East,India,Kolkata,Furniture,Desk,Vikram Singh,Corporate,13,15000,195000,124824.15,70175.85
2437,2025-01-23,West,India,Mumbai,Electronics,Laptop,Neha Gupta,Corporate,13,55000,715000,475760.27,239239.73
2438,2025-12-05,South,India,Chennai,Furniture,Conference Table,Amit Sharma,Corporate,14,40000,560000,397458.65,162541.35
2439,2025-05-15,North,India,Delhi,Furniture,Desk,Amit Sharma,Corporate,11,15000,165000,136423.58,28576.42
2440,2025-01-30,West,India,Mumbai,Stationery,Printer Paper,Karan Patel,Corporate,129,300,38700,30371.13,8328.87
2441,2025-09-23,West,India,Pune,Furniture,Office Chair,Rahul Nair,Corporate,19,5000,95000,72747.78,22252.22
2442,2025-01-08,West,India,Pune,Furniture,Conference Table,Vikram Singh,Retail,8,40000,320000,188659.78,131340.22
2443,2025-10-20,South,India,Chennai,Stationery,Printer Paper,Amit Sharma,Corporate,158,300,47400,30276.63,17123.37
2444,2025-11-08,East,India,Kolkata,Electronics,Tablet,Priya Mehta,Corporate,9,20000,180000,141251.02,38748.98
2445,2025-08-16,East,India,Bhubaneswar,Stationery,Printer Paper,Amit Sharma,Corporate,87,300,26100,20991.65,5108.35
2446,2025-09-03,North,India,Delhi,Furniture,Office Chair,Karan Patel,Retail,2,5000,10000,8397.66,1602.34
2447,2025-02-02,North,India,Chandigarh,Electronics,Tablet,Rahul Nair,Corporate,20,20000,400000,286173.74,113826.26
2448,2025-11-19,East,India,Kolkata,Electronics,Tablet,Rahul Nair,Retail,16,20000,320000,188213.36,131786.64
2449,2025-09-17,South,India,Chennai,Electronics,Laptop,Ananya Rao,Retail,2,55000,110000,66580.43,43419.57
2450,2025-01-09,South,India,Chennai,Electronics,Laptop,Amit Sharma,Retail,9,55000,495000,417079.43,77920.57
2451,2025-02-27,East,India,Kolkata,Electronics,Laptop,Neha Gupta,Retail,3,55000,165000,115843.43,49156.57
2452,2025-12-15,East,India,Bhubaneswar,Furniture,Desk,Priya Mehta,Corporate,12,15000,180000,143773.44,36226.56
2453,2025-07-04,East,India,Bhubaneswar,Electronics,Smartphone,Karan Patel,Corporate,1,30000,30000,19438.86,10561.14
2454,2025-07-08,West,India,Mumbai,Electronics,Tablet,Vikram Singh,Retail,20,20000,400000,223738.89,176261.11
2455,2025-06-10,North,India,Chandigarh,Electronics,Laptop,Neha Gupta,Corporate,20,55000,1100000,674788.28,425211.72
2456,2025-11-29,North,India,Delhi,Furniture,Conference Table,Priya Mehta,Retail,5,40000,200000,132865.38,67134.62
2457,2025-09-28,West,India,Mumbai,Furniture,Desk,Sneha Joshi,Corporate,4,15000,60000,48256.71,11743.29
2458,2025-05-31,East,India,Kolkata,Electronics,Tablet,Ananya Rao,Retail,7,20000,140000,112112.38,27887.62
2459,2025-03-01,East,India,Kolkata,Electronics,Smartphone,Sneha Joshi,Corporate,15,30000,450000,290000.21,159999.79
2460,2025-02-09,East,India,Bhubaneswar,Electronics,Laptop,Sneha Joshi,Retail,12,55000,660000,473970.51,186029.49
2461,2025-03-06,West,India,Mumbai,Stationery,Printer Paper,Karan Patel,Retail,127,300,38100,23581.19,14518.81
2462,2025-03-02,East,India,Kolkata,Stationery,Printer Paper,Karan Patel,Corporate,93,300,27900,18203.96,9696.04
2463,2025-04-12,South,India,Bengaluru,Furniture,Desk,Sneha Joshi,Retail,16,15000,240000,177549.34,62450.66
2464,2025-10-11,South,India,Chennai,Electronics,Laptop,Priya Mehta,Retail,14,55000,770000,484339.88,285660.12
2465,2025-03-27,North,India,Delhi,Stationery,Printer Paper,Rahul Nair,Corporate,130,300,39000,21730.0,17270.0
2466,2025-10-13,West,India,Mumbai,Electronics,Tablet,Vikram Singh,Retail,5,20000,100000,67069.53,32930.47
2467,2025-11-08,East,India,Kolkata,Stationery,Printer Paper,Amit Sharma,Retail,249,300,74700,48629.11,26070.89
2468,2025-08-12,East,India,Bhubaneswar,Furniture,Office Chair,Sneha Joshi,Retail,14,5000,70000,51747.47,18252.53
2469,2025-09-18,South,India,Bengaluru,Furniture,Conference Table,Rahul Nair,Retail,19,40000,760000,626925.94,133074.06
2470,2025-08-13,East,India,Kolkata,Furniture,Conference Table,Vikram Singh,Retail,15,40000,600000,398287.42,201712.58
2471,2025-10-16,South,India,Chennai,Electronics,Tablet,Vikram Singh,Corporate,16,20000,320000,208747.25,111252.75
2472,2025-01-22,West,India,Mumbai,Electronics,Tablet,Karan Patel,Corporate,6,20000,120000,100326.49,19673.51
2473,2025-03-02,East,India,Bhubaneswar,Electronics,Laptop,Vikram Singh,Corporate,12,55000,660000,419388.61,240611.39
2474,2025-05-13,West,India,Mumbai,Electronics,Smartphone,Neha Gupta,Corporate,6,30000,180000,114577.86,65422.14
2475,2025-09-18,South,India,Bengaluru,Electronics,Laptop,Amit Sharma,Retail,7,55000,385000,275524.88,109475.12
2476,2025-01-14,South,India,Chennai,Electronics,Laptop,Neha Gupta,Corporate,16,55000,880000,703781.19,176218.81
2477,2025-08-21,West,India,Pune,Furniture,Conference Table,Priya Mehta,Retail,15,40000,600000,423760.9,176239.1
2478,2025-03-12,West,India,Pune,Furniture,Office Chair,Priya Mehta,Corporate,16,5000,80000,50313.36,29686.64
2479,2025-06-17,North,India,Delhi,Furniture,Conference Table,Ananya Rao,Corporate,8,40000,320000,245826.71,74173.29
2480,2025-02-07,West,India,Pune,Furniture,Conference Table,Amit Sharma,Corporate,17,40000,680000,511104.62,168895.38
2481,2025-10-13,North,India,Delhi,Furniture,Conference Table,Amit Sharma,Retail,17,40000,680000,438775.55,241224.45
2482,2025-04-23,South,India,Bengaluru,Furniture,Desk,Vikram Singh,Corporate,13,15000,195000,158268.72,36731.28
2483,2025-05-25,South,India,Bengaluru,Furniture,Office Chair,Neha Gupta,Retail,6,5000,30000,23102.05,6897.95
2484,2025-10-13,South,India,Bengaluru,Electronics,Laptop,Rahul Nair,Retail,14,55000,770000,439037.35,330962.65
2485,2025-11-20,West,India,Mumbai,Furniture,Conference Table,Ananya Rao,Corporate,9,40000,360000,264244.85,95755.15
2486,2025-12-09,South,India,Chennai,Electronics,Tablet,Sneha Joshi,Corporate,8,20000,160000,130001.88,29998.12
2487,2025-04-23,East,India,Kolkata,Furniture,Desk,Vikram Singh,Corporate,16,15000,240000,153270.04,86729.96
2488,2025-03-01,West,India,Mumbai,Electronics,Tablet,Sneha Joshi,Corporate,8,20000,160000,119796.07,40203.93
2489,2025-09-05,North,India,Chandigarh,Electronics,Tablet,Karan Patel,Retail,13,20000,260000,197975.87,62024.13
2490,2025-07-29,North,India,Delhi,Electronics,Tablet,Ananya Rao,Corporate,9,20000,180000,126404.32,53595.68
2491,2025-08-06,East,India,Bhubaneswar,Furniture,Office Chair,Vikram Singh,Retail,13,5000,65000,51526.1,13473.9
2492,2025-01-24,East,India,Bhubaneswar,Furniture,Office Chair,Sneha Joshi,Corporate,8,5000,40000,26078.1,13921.9
2493,2025-11-17,South,India,Bengaluru,Furniture,Desk,Ananya Rao,Retail,6,15000,90000,63972.35,26027.65
2494,2025-02-16,North,India,Chandigarh,Furniture,Conference Table,Ananya Rao,Retail,1,40000,40000,31628.95,8371.05
2495,2025-04-12,North,India,Delhi,Furniture,Desk,Karan Patel,Retail,7,15000,105000,69156.08,35843.92
2496,2025-06-19,East,India,Bhubaneswar,Stationery,Printer Paper,Neha Gupta,Retail,61,300,18300,15064.49,3235.51
2497,2025-09-27,North,India,Delhi,Electronics,Laptop,Karan Patel,Corporate,1,55000,55000,42709.51,12290.49
2498,2025-04-28,North,India,Delhi,Electronics,Smartphone,Amit Sharma,Corporate,10,30000,300000,192131.98,107868.02
2499,2025-07-25,North,India,Delhi,Stationery,Printer Paper,Vikram Singh,Retail,220,300,66000,43781.56,22218.44
2500,2025-08-01,North,India,Delhi,Electronics,Laptop,Amit Sharma,Retail,17,55000,935000,716802.66,218197.34
2501,2025-04-10,North,India,Chandigarh,Furniture,Conference Table,Ananya Rao,Corporate,19,40000,760000,598717.36,161282.64
2502,2025-02-21,North,India,Chandigarh,Electronics,Tablet,Sneha Joshi,Corporate,9,20000,180000,123780.9,56219.1
2503,2025-07-28,East,India,Bhubaneswar,Furniture,Office Chair,Sneha Joshi,Corporate,3,5000,15000,9250.14,5749.86
2504,2025-07-21,South,India,Chennai,Furniture,Office Chair,Priya Mehta,Corporate,1,5000,5000,4239.73,760.27
2505,2025-04-29,South,India,Chennai,Furniture,Desk,Ananya Rao,Corporate,1,15000,15000,10038.07,4961.93
2506,2025-11-19,North,India,Delhi,Furniture,Conference Table,Priya Mehta,Retail,10,40000,400000,259892.26,140107.74
2507,2025-02-12,South,India,Bengaluru,Stationery,Printer Paper,Karan Patel,Corporate,145,300,43500,31668.99,11831.01
2508,2025-06-09,South,India,Chennai,Electronics,Laptop,Rahul Nair,Retail,16,55000,880000,550534.3,329465.7
2509,2025-01-03,East,India,Bhubaneswar,Furniture,Conference Table,Neha Gupta,Corporate,19,40000,760000,554510.46,205489.54
2510,2025-12-29,West,India,Pune,Electronics,Tablet,Priya Mehta,Retail,8,20000,160000,103448.22,56551.78
2511,2025-01-07,West,India,Mumbai,Furniture,Conference Table,Priya Mehta,Retail,3,40000,120000,79524.7,40475.3
2512,2025-08-06,South,India,Chennai,Furniture,Office Chair,Rahul Nair,Corporate,4,5000,20000,11234.37,8765.63
2513,2025-01-05,South,India,Chennai,Furniture,Conference Table,Priya Mehta,Corporate,18,40000,720000,486319.83,233680.17
2514,2025-11-11,East,India,Bhubaneswar,Furniture,Conference Table,Rahul Nair,Retail,9,40000,360000,254427.85,105572.15
2515,2025-07-10,East,India,Bhubaneswar,Furniture,Desk,Sneha Joshi,Corporate,7,15000,105000,83038.63,21961.37
2516,2025-08-31,South,India,Bengaluru,Electronics,Tablet,Ananya Rao,Corporate,5,20000,100000,59927.15,40072.85
2517,2025-01-03,South,India,Chennai,Electronics,Smartphone,Neha Gupta,Retail,16,30000,480000,273654.91,206345.09
2518,2025-02-01,North,India,Chandigarh,Furniture,Desk,Rahul Nair,Retail,15,15000,225000,146094.87,78905.13
2519,2025-06-26,East,India,Kolkata,Furniture,Conference Table,Neha Gupta,Corporate,18,40000,720000,586802.13,133197.87
2520,2025-06-06,East,India,Bhubaneswar,Stationery,Printer Paper,Karan Patel,Corporate,242,300,72600,49211.89,23388.11
2521,2025-04-21,South,India,Chennai,Electronics,Laptop,Rahul Nair,Corporate,19,55000,1045000,622534.24,422465.76
2522,2025-07-16,North,India,Chandigarh,Electronics,Smartphone,Vikram Singh,Corporate,17,30000,510000,370359.51,139640.49
2523,2025-04-21,South,India,Bengaluru,Electronics,Smartphone,Rahul Nair,Retail,1,30000,30000,23550.28,6449.72
2524,2025-01-27,South,India,Bengaluru,Furniture,Office Chair,Sneha Joshi,Corporate,1,5000,5000,3235.01,1764.99
2525,2025-03-02,West,India,Mumbai,Electronics,Tablet,Karan Patel,Corporate,10,20000,200000,140022.51,59977.49
2526,2025-09-25,West,India,Pune,Furniture,Conference Table,Priya Mehta,Retail,16,40000,640000,420158.39,219841.61
2527,2025-08-12,South,India,Chennai,Furniture,Conference Table,Sneha Joshi,Corporate,9,40000,360000,274825.55,85174.45
2528,2025-04-02,North,India,Delhi,Furniture,Desk,Ananya Rao,Corporate,14,15000,210000,156581.8,53418.2
2529,2025-10-14,East,India,Kolkata,Furniture,Conference Table,Karan Patel,Corporate,14,40000,560000,343915.03,216084.97
2530,2025-07-04,South,India,Bengaluru,Furniture,Conference Table,Amit Sharma,Corporate,1,40000,40000,24350.03,15649.97
2531,2025-09-15,East,India,Kolkata,Electronics,Laptop,Vikram Singh,Retail,12,55000,660000,544329.81,115670.19
2532,2025-12-23,East,India,Bhubaneswar,Furniture,Conference Table,Vikram Singh,Retail,16,40000,640000,428472.45,211527.55
2533,2025-11-08,North,India,Chandigarh,Stationery,Printer Paper,Sneha Joshi,Retail,203,300,60900,50441.79,10458.21
2534,2025-01-20,West,India,Pune,Furniture,Conference Table,Amit Sharma,Retail,18,40000,720000,570405.03,149594.97
2535,2025-08-03,South,India,Bengaluru,Stationery,Printer Paper,Amit Sharma,Corporate,237,300,71100,41913.06,29186.94
2536,2025-05-23,North,India,Delhi,Electronics,Tablet,Amit Sharma,Corporate,4,20000,80000,64589.37,15410.63
2537,2025-10-28,East,India,Bhubaneswar,Furniture,Conference Table,Amit Sharma,Corporate,6,40000,240000,197212.18,42787.82
2538,2025-02-03,West,India,Mumbai,Stationery,Printer Paper,Rahul Nair,Corporate,190,300,57000,42800.86,14199.14
2539,2025-11-08,North,India,Delhi,Electronics,Smartphone,Karan Patel,Retail,15,30000,450000,253508.64,196491.36
2540,2025-03-02,North,India,Chandigarh,Electronics,Tablet,Sneha Joshi,Retail,9,20000,180000,129270.21,50729.79
2541,2025-04-04,West,India,Mumbai,Electronics,Laptop,Rahul Nair,Corporate,4,55000,220000,181588.73,38411.27
2542,2025-04-22,North,India,Chandigarh,Stationery,Printer Paper,Sneha Joshi,Retail,63,300,18900,14867.14,4032.86
2543,2025-03-09,South,India,Chennai,Electronics,Tablet,Amit Sharma,Corporate,7,20000,140000,108391.15,31608.85
2544,2025-06-11,East,India,Bhubaneswar,Electronics,Smartphone,Neha Gupta,Retail,9,30000,270000,159874.51,110125.49
2545,2025-05-13,East,India,Bhubaneswar,Electronics,Smartphone,Vikram Singh,Retail,6,30000,180000,151881.02,28118.98
2546,2025-11-25,West,India,Pune,Electronics,Tablet,Rahul Nair,Retail,19,20000,380000,250451.9,129548.1
2547,2025-12-26,West,India,Pune,Electronics,Smartphone,Ananya Rao,Corporate,18,30000,540000,389131.23,150868.77
2548,2025-05-18,South,India,Bengaluru,Electronics,Tablet,Neha Gupta,Corporate,17,20000,340000,243264.34,96735.66
2549,2025-03-01,South,India,Bengaluru,Furniture,Office Chair,Sneha Joshi,Retail,9,5000,45000,25174.55,19825.45
2550,2025-07-13,West,India,Mumbai,Furniture,Desk,Ananya Rao,Retail,11,15000,165000,109178.0,55822.0
2551,2025-08-04,East,India,Bhubaneswar,Stationery,Printer Paper,Ananya Rao,Corporate,250,300,75000,41427.71,33572.29
2552,2025-08-28,North,India,Delhi,Electronics,Smartphone,Amit Sharma,Corporate,12,30000,360000,231077.77,128922.23
2553,2025-07-24,West,India,Pune,Furniture,Desk,Neha Gupta,Corporate,19,15000,285000,216129.62,68870.38
2554,2025-07-25,East,India,Bhubaneswar,Furniture,Desk,Amit Sharma,Retail,11,15000,165000,114636.6,50363.4
2555,2025-10-23,North,India,Chandigarh,Furniture,Office Chair,Amit Sharma,Retail,14,5000,70000,54755.52,15244.48
2556,2025-09-26,South,India,Bengaluru,Electronics,Tablet,Rahul Nair,Retail,20,20000,400000,335828.27,64171.73
2557,2025-06-08,East,India,Kolkata,Stationery,Printer Paper,Ananya Rao,Corporate,33,300,9900,8326.87,1573.13
2558,2025-03-17,West,India,Mumbai,Electronics,Smartphone,Rahul Nair,Corporate,15,30000,450000,247613.83,202386.17
2559,2025-04-15,East,India,Bhubaneswar,Electronics,Laptop,Priya Mehta,Retail,6,55000,330000,204882.17,125117.83
2560,2025-07-11,South,India,Bengaluru,Furniture,Conference Table,Sneha Joshi,Retail,18,40000,720000,578664.37,141335.63
2561,2025-07-21,East,India,Kolkata,Electronics,Laptop,Sneha Joshi,Corporate,16,55000,880000,629154.87,250845.13
2562,2025-02-19,West,India,Pune,Furniture,Conference Table,Rahul Nair,Corporate,8,40000,320000,249253.39,70746.61
2563,2025-12-12,South,India,Chennai,Furniture,Office Chair,Karan Patel,Retail,11,5000,55000,45067.35,9932.65
2564,2025-11-08,East,India,Kolkata,Furniture,Office Chair,Neha Gupta,Corporate,19,5000,95000,53016.54,41983.46
2565,2025-11-09,East,India,Bhubaneswar,Electronics,Tablet,Priya Mehta,Retail,17,20000,340000,270970.29,69029.71
2566,2025-06-04,South,India,Chennai,Furniture,Office Chair,Priya Mehta,Corporate,7,5000,35000,19714.6,15285.4
2567,2025-05-26,West,India,Pune,Furniture,Conference Table,Karan Patel,Corporate,6,40000,240000,162651.22,77348.78
2568,2025-07-23,North,India,Delhi,Electronics,Tablet,Sneha Joshi,Retail,14,20000,280000,169079.51,110920.49
2569,2025-07-27,East,India,Kolkata,Furniture,Conference Table,Rahul Nair,Corporate,4,40000,160000,119481.69,40518.31
2570,2025-08-21,South,India,Bengaluru,Furniture,Desk,Sneha Joshi,Corporate,17,15000,255000,169625.26,85374.74
2571,2025-05-13,West,India,Mumbai,Stationery,Printer Paper,Sneha Joshi,Corporate,33,300,9900,6344.77,3555.23
2572,2025-07-06,West,India,Mumbai,Furniture,Conference Table,Rahul Nair,Corporate,11,40000,440000,353430.23,86569.77
2573,2025-01-04,West,India,Pune,Stationery,Printer Paper,Vikram Singh,Retail,192,300,57600,33062.56,24537.44
2574,2025-01-21,West,India,Mumbai,Furniture,Office Chair,Sneha Joshi,Corporate,2,5000,10000,6894.29,3105.71
2575,2025-05-10,East,India,Bhubaneswar,Electronics,Laptop,Ananya Rao,Corporate,20,55000,1100000,831507.92,268492.08
2576,2025-07-02,North,India,Chandigarh,Furniture,Desk,Amit Sharma,Corporate,9,15000,135000,81488.49,53511.51
2577,2025-07-02,East,India,Kolkata,Electronics,Tablet,Karan Patel,Retail,2,20000,40000,29149.35,10850.65
2578,2025-03-16,South,India,Chennai,Electronics,Laptop,Karan Patel,Corporate,18,55000,990000,572588.05,417411.95
2579,2025-09-26,East,India,Bhubaneswar,Furniture,Office Chair,Amit Sharma,Retail,20,5000,100000,62323.02,37676.98
2580,2025-11-23,East,India,Kolkata,Electronics,Tablet,Karan Patel,Retail,2,20000,40000,23761.01,16238.99
2581,2025-01-12,East,India,Kolkata,Furniture,Conference Table,Vikram Singh,Retail,10,40000,400000,270703.59,129296.41
2582,2025-06-05,West,India,Mumbai,Electronics,Laptop,Amit Sharma,Corporate,7,55000,385000,277688.39,107311.61
2583,2025-12-19,West,India,Mumbai,Electronics,Smartphone,Vikram Singh,Retail,14,30000,420000,265623.13,154376.87
2584,2025-07-28,West,India,Mumbai,Electronics,Smartphone,Amit Sharma,Corporate,10,30000,300000,189541.15,110458.85
2585,2025-11-22,South,India,Chennai,Electronics,Tablet,Priya Mehta,Retail,9,20000,180000,123971.83,56028.17
2586,2025-11-10,South,India,Chennai,Electronics,Laptop,Sneha Joshi,Corporate,11,55000,605000,372871.98,232128.02
2587,2025-10-13,East,India,Kolkata,Furniture,Desk,Ananya Rao,Corporate,13,15000,195000,135072.77,59927.23
2588,2025-09-13,East,India,Kolkata,Electronics,Tablet,Rahul Nair,Corporate,15,20000,300000,178660.08,121339.92
2589,2025-10-20,East,India,Kolkata,Furniture,Office Chair,Sneha Joshi,Corporate,2,5000,10000,7482.1,2517.9
2590,2025-05-30,North,India,Chandigarh,Electronics,Smartphone,Sneha Joshi,Corporate,17,30000,510000,336986.29,173013.71
2591,2025-11-16,North,India,Chandigarh,Electronics,Smartphone,Karan Patel,Corporate,20,30000,600000,435288.64,164711.36
2592,2025-09-09,North,India,Delhi,Stationery,Printer Paper,Karan Patel,Retail,92,300,27600,19787.32,7812.68
2593,2025-04-22,West,India,Mumbai,Furniture,Desk,Priya Mehta,Corporate,4,15000,60000,34745.64,25254.36
2594,2025-07-25,South,India,Chennai,Stationery,Printer Paper,Ananya Rao,Retail,60,300,18000,14041.12,3958.88
2595,2025-07-05,West,India,Mumbai,Furniture,Desk,Ananya Rao,Corporate,9,15000,135000,87185.84,47814.16
2596,2025-08-26,South,India,Chennai,Stationery,Printer Paper,Sneha Joshi,Retail,123,300,36900,25772.8,11127.2
2597,2025-06-21,South,India,Chennai,Furniture,Office Chair,Rahul Nair,Retail,10,5000,50000,27550.06,22449.94
2598,2025-07-30,West,India,Mumbai,Furniture,Desk,Amit Sharma,Retail,14,15000,210000,176877.59,33122.41
2599,2025-02-11,South,India,Chennai,Furniture,Desk,Amit Sharma,Corporate,20,15000,300000,210302.51,89697.49
2600,2025-12-17,South,India,Bengaluru,Electronics,Smartphone,Ananya Rao,Retail,19,30000,570000,420459.67,149540.33
2601,2025-03-24,West,India,Pune,Furniture,Desk,Ananya Rao,Retail,17,15000,255000,206303.03,48696.97
2602,2025-05-31,South,India,Bengaluru,Furniture,Office Chair,Amit Sharma,Retail,7,5000,35000,22638.6,12361.4
2603,2025-08-16,West,India,Mumbai,Furniture,Office Chair,Rahul Nair,Corporate,8,5000,40000,30204.05,9795.95
2604,2025-03-23,North,India,Delhi,Stationery,Printer Paper,Sneha Joshi,Retail,174,300,52200,41831.13,10368.87
2605,2025-07-28,North,India,Chandigarh,Furniture,Conference Table,Karan Patel,Retail,2,40000,80000,60368.57,19631.43
2606,2025-11-07,West,India,Mumbai,Electronics,Tablet,Sneha Joshi,Corporate,18,20000,360000,211066.05,148933.95
2607,2025-01-21,North,India,Chandigarh,Electronics,Tablet,Karan Patel,Corporate,13,20000,260000,207608.0,52392.0
2608,2025-05-15,West,India,Mumbai,Stationery,Printer Paper,Rahul Nair,Corporate,51,300,15300,8890.63,6409.37
2609,2025-05-05,West,India,Pune,Furniture,Conference Table,Neha Gupta,Corporate,11,40000,440000,260737.41,179262.59
2610,2025-12-30,North,India,Chandigarh,Electronics,Tablet,Neha Gupta,Corporate,3,20000,60000,41248.36,18751.64
2611,2025-08-19,East,India,Bhubaneswar,Electronics,Tablet,Vikram Singh,Retail,15,20000,300000,194759.51,105240.49
2612,2025-04-24,South,India,Chennai,Electronics,Smartphone,Ananya Rao,Corporate,17,30000,510000,324629.86,185370.14
2613,2025-06-06,East,India,Bhubaneswar,Furniture,Conference Table,Sneha Joshi,Corporate,6,40000,240000,172870.07,67129.93
2614,2025-05-30,South,India,Chennai,Furniture,Conference Table,Vikram Singh,Retail,5,40000,200000,118791.57,81208.43
2615,2025-03-17,North,India,Delhi,Stationery,Printer Paper,Vikram Singh,Corporate,74,300,22200,16094.31,6105.69
2616,2025-06-26,West,India,Mumbai,Furniture,Office Chair,Ananya Rao,Corporate,20,5000,100000,82000.12,17999.88
2617,2025-09-26,West,India,Pune,Stationery,Printer Paper,Rahul Nair,Corporate,144,300,43200,32162.96,11037.04
2618,2025-06-08,West,India,Mumbai,Electronics,Laptop,Neha Gupta,Retail,3,55000,165000,107697.17,57302.83
2619,2025-07-02,East,India,Bhubaneswar,Furniture,Desk,Sneha Joshi,Retail,4,15000,60000,44699.94,15300.06
2620,2025-01-17,South,India,Chennai,Furniture,Conference Table,Priya Mehta,Corporate,7,40000,280000,184539.07,95460.93
2621,2025-10-03,North,India,Delhi,Electronics,Tablet,Amit Sharma,Corporate,18,20000,360000,301858.87,58141.13
2622,2025-04-04,South,India,Bengaluru,Electronics,Smartphone,Neha Gupta,Corporate,9,30000,270000,213078.86,56921.14
2623,2025-05-23,South,India,Bengaluru,Electronics,Laptop,Neha Gupta,Retail,20,55000,1100000,692701.9,407298.1
2624,2025-04-27,South,India,Bengaluru,Furniture,Desk,Sneha Joshi,Corporate,10,15000,150000,85238.93,64761.07
2625,2025-11-21,North,India,Delhi,Furniture,Desk,Neha Gupta,Corporate,2,15000,30000,19369.73,10630.27
2626,2025-02-21,North,India,Delhi,Furniture,Office Chair,Sneha Joshi,Corporate,3,5000,15000,10392.16,4607.84
2627,2025-02-27,North,India,Chandigarh,Furniture,Desk,Neha Gupta,Corporate,14,15000,210000,169751.76,40248.24
2628,2025-09-10,North,India,Delhi,Electronics,Tablet,Ananya Rao,Corporate,14,20000,280000,204513.75,75486.25
2629,2025-09-30,East,India,Kolkata,Furniture,Conference Table,Ananya Rao,Corporate,10,40000,400000,251703.99,148296.01
2630,2025-04-04,East,India,Bhubaneswar,Furniture,Conference Table,Amit Sharma,Corporate,15,40000,600000,350064.61,249935.39
2631,2025-08-10,West,India,Pune,Furniture,Office Chair,Priya Mehta,Corporate,6,5000,30000,18109.16,11890.84
2632,2025-04-10,East,India,Kolkata,Furniture,Conference Table,Neha Gupta,Retail,18,40000,720000,573672.46,146327.54
2633,2025-09-29,East,India,Bhubaneswar,Furniture,Desk,Priya Mehta,Corporate,10,15000,150000,96900.71,53099.29
2634,2025-04-09,South,India,Chennai,Furniture,Desk,Rahul Nair,Retail,5,15000,75000,48534.72,26465.28
2635,2025-12-01,South,India,Chennai,Electronics,Tablet,Vikram Singh,Retail,17,20000,340000,287077.75,52922.25
2636,2025-06-06,East,India,Bhubaneswar,Furniture,Office Chair,Ananya Rao,Corporate,10,5000,50000,33061.87,16938.13
2637,2025-08-02,West,India,Mumbai,Electronics,Tablet,Karan Patel,Retail,14,20000,280000,201316.06,78683.94
2638,2025-05-21,West,India,Mumbai,Electronics,Tablet,Neha Gupta,Retail,5,20000,100000,84249.57,15750.43
2639,2025-08-07,East,India,Bhubaneswar,Electronics,Tablet,Ananya Rao,Retail,12,20000,240000,133704.89,106295.11
2640,2025-05-21,South,India,Bengaluru,Furniture,Desk,Priya Mehta,Retail,17,15000,255000,173917.89,81082.11
2641,2025-10-31,South,India,Chennai,Electronics,Tablet,Amit Sharma,Corporate,16,20000,320000,266383.44,53616.56
2642,2025-10-28,West,India,Pune,Electronics,Smartphone,Amit Sharma,Retail,9,30000,270000,228441.27,41558.73
2643,2025-07-09,North,India,Chandigarh,Furniture,Conference Table,Vikram Singh,Retail,11,40000,440000,278438.1,161561.9
2644,2025-07-31,West,India,Mumbai,Electronics,Smartphone,Rahul Nair,Corporate,3,30000,90000,58262.73,31737.27
2645,2025-06-17,South,India,Chennai,Furniture,Desk,Vikram Singh,Retail,3,15000,45000,30666.53,14333.47
2646,2025-12-25,South,India,Chennai,Stationery,Printer Paper,Ananya Rao,Corporate,217,300,65100,37133.12,27966.88
2647,2025-08-24,South,India,Chennai,Electronics,Smartphone,Ananya Rao,Retail,11,30000,330000,227864.31,102135.69
2648,2025-01-12,East,India,Kolkata,Electronics,Tablet,Priya Mehta,Corporate,20,20000,400000,309718.03,90281.97
2649,2025-09-28,West,India,Mumbai,Furniture,Office Chair,Ananya Rao,Retail,16,5000,80000,63154.33,16845.67
2650,2025-06-17,West,India,Pune,Electronics,Laptop,Vikram Singh,Corporate,17,55000,935000,759149.19,175850.81
2651,2025-10-13,North,India,Delhi,Furniture,Conference Table,Rahul Nair,Retail,3,40000,120000,86351.05,33648.95
2652,2025-12-17,West,India,Pune,Furniture,Desk,Vikram Singh,Corporate,7,15000,105000,81435.08,23564.92
2653,2025-02-07,West,India,Mumbai,Furniture,Conference Table,Ananya Rao,Corporate,5,40000,200000,149026.62,50973.38
2654,2025-01-04,West,India,Pune,Electronics,Laptop,Amit Sharma,Retail,13,55000,715000,516531.27,198468.73
2655,2025-04-25,South,India,Chennai,Electronics,Tablet,Sneha Joshi,Retail,14,20000,280000,166641.57,113358.43
2656,2025-03-17,East,India,Kolkata,Furniture,Conference Table,Vikram Singh,Retail,19,40000,760000,452793.89,307206.11
2657,2025-01-21,North,India,Delhi,Electronics,Laptop,Ananya Rao,Retail,18,55000,990000,723270.68,266729.32
2658,2025-12-03,East,India,Kolkata,Stationery,Printer Paper,Neha Gupta,Corporate,100,300,30000,24856.19,5143.81
2659,2025-04-22,South,India,Chennai,Furniture,Office Chair,Amit Sharma,Retail,9,5000,45000,27895.21,17104.79
2660,2025-04-17,West,India,Pune,Electronics,Laptop,Amit Sharma,Corporate,13,55000,715000,398703.42,316296.58
2661,2025-07-14,West,India,Mumbai,Furniture,Office Chair,Priya Mehta,Retail,7,5000,35000,21409.14,13590.86
2662,2025-09-08,North,India,Chandigarh,Electronics,Smartphone,Ananya Rao,Corporate,7,30000,210000,123082.57,86917.43
2663,2025-07-04,South,India,Chennai,Electronics,Smartphone,Vikram Singh,Retail,3,30000,90000,71094.36,18905.64
2664,2025-08-04,West,India,Pune,Electronics,Laptop,Priya Mehta,Corporate,1,55000,55000,36520.48,18479.52
2665,2025-11-30,East,India,Bhubaneswar,Electronics,Tablet,Neha Gupta,Retail,3,20000,60000,40814.68,19185.32
2666,2025-05-21,West,India,Pune,Furniture,Office Chair,Amit Sharma,Retail,1,5000,5000,4176.96,823.04
2667,2025-09-23,South,India,Bengaluru,Electronics,Smartphone,Rahul Nair,Corporate,19,30000,570000,315085.84,254914.16
2668,2025-12-05,North,India,Chandigarh,Electronics,Laptop,Ananya Rao,Corporate,20,55000,1100000,869785.49,230214.51
2669,2025-09-23,South,India,Bengaluru,Furniture,Office Chair,Rahul Nair,Corporate,6,5000,30000,18071.74,11928.26
2670,2025-04-15,North,India,Chandigarh,Stationery,Printer Paper,Karan Patel,Corporate,61,300,18300,10229.59,8070.41
2671,2025-01-14,East,India,Bhubaneswar,Furniture,Desk,Amit Sharma,Corporate,11,15000,165000,92159.67,72840.33
2672,2025-01-24,North,India,Chandigarh,Furniture,Conference Table,Rahul Nair,Retail,5,40000,200000,164814.62,35185.38
2673,2025-02-17,North,India,Chandigarh,Electronics,Laptop,Priya Mehta,Retail,12,55000,660000,540643.36,119356.64
2674,2025-10-02,West,India,Pune,Furniture,Office Chair,Rahul Nair,Retail,14,5000,70000,56478.95,13521.05
2675,2025-05-12,East,India,Kolkata,Furniture,Office Chair,Ananya Rao,Corporate,16,5000,80000,65589.18,14410.82
2676,2025-10-20,North,India,Delhi,Furniture,Office Chair,Rahul Nair,Retail,16,5000,80000,61969.25,18030.75
2677,2025-02-12,South,India,Bengaluru,Stationery,Printer Paper,Karan Patel,Corporate,56,300,16800,10376.78,6423.22
2678,2025-12-04,North,India,Chandigarh,Electronics,Smartphone,Ananya Rao,Corporate,8,30000,240000,150048.29,89951.71
2679,2025-08-05,East,India,Bhubaneswar,Stationery,Printer Paper,Rahul Nair,Retail,250,300,75000,44213.41,30786.59
2680,2025-04-04,West,India,Mumbai,Furniture,Conference Table,Rahul Nair,Retail,2,40000,80000,63060.68,16939.32
2681,2025-10-20,South,India,Chennai,Electronics,Smartphone,Sneha Joshi,Corporate,13,30000,390000,252236.29,137763.71
2682,2025-04-20,South,India,Chennai,Furniture,Conference Table,Vikram Singh,Corporate,19,40000,760000,510489.76,249510.24
2683,2025-09-21,North,India,Chandigarh,Furniture,Conference Table,Ananya Rao,Retail,9,40000,360000,268789.73,91210.27
2684,2025-08-22,East,India,Kolkata,Electronics,Tablet,Ananya Rao,Corporate,16,20000,320000,250112.75,69887.25
2685,2025-01-14,North,India,Delhi,Stationery,Printer Paper,Priya Mehta,Retail,113,300,33900,22982.65,10917.35
2686,2025-12-31,West,India,Pune,Stationery,Printer Paper,Rahul Nair,Corporate,48,300,14400,8439.6,5960.4
2687,2025-02-12,East,India,Kolkata,Furniture,Office Chair,Karan Patel,Retail,14,5000,70000,50119.27,19880.73
2688,2025-01-09,South,India,Bengaluru,Stationery,Printer Paper,Ananya Rao,Retail,194,300,58200,35883.62,22316.38
2689,2025-04-28,North,India,Delhi,Stationery,Printer Paper,Ananya Rao,Retail,156,300,46800,30831.69,15968.31
2690,2025-11-13,North,India,Delhi,Furniture,Conference Table,Rahul Nair,Corporate,6,40000,240000,177713.33,62286.67
2691,2025-07-25,South,India,Chennai,Electronics,Tablet,Karan Patel,Corporate,2,20000,40000,33508.68,6491.32
2692,2025-06-03,West,India,Mumbai,Furniture,Office Chair,Priya Mehta,Corporate,11,5000,55000,32495.98,22504.02
2693,2025-02-04,East,India,Kolkata,Electronics,Smartphone,Karan Patel,Retail,20,30000,600000,436917.29,163082.71
2694,2025-05-05,South,India,Chennai,Furniture,Office Chair,Rahul Nair,Corporate,6,5000,30000,23381.34,6618.66
2695,2025-06-29,West,India,Mumbai,Furniture,Desk,Neha Gupta,Corporate,7,15000,105000,65580.06,39419.94
2696,2025-10-27,South,India,Bengaluru,Furniture,Office Chair,Neha Gupta,Corporate,4,5000,20000,15355.87,4644.13
2697,2025-01-06,South,India,Bengaluru,Furniture,Conference Table,Vikram Singh,Retail,9,40000,360000,280143.14,79856.86
2698,2025-03-05,West,India,Pune,Electronics,Smartphone,Rahul Nair,Retail,15,30000,450000,287841.0,162159.0
2699,2025-05-11,East,India,Kolkata,Electronics,Tablet,Sneha Joshi,Corporate,2,20000,40000,26578.02,13421.98
2700,2025-04-26,South,India,Bengaluru,Furniture,Conference Table,Priya Mehta,Corporate,16,40000,640000,497624.23,142375.77
2701,2025-12-26,South,India,Chennai,Stationery,Printer Paper,Karan Patel,Retail,237,300,71100,53287.54,17812.46
2702,2025-05-22,North,India,Chandigarh,Stationery,Printer Paper,Ananya Rao,Corporate,217,300,65100,41277.38,23822.62
2703,2025-09-06,East,India,Kolkata,Electronics,Tablet,Sneha Joshi,Retail,3,20000,60000,33232.67,26767.33
2704,2025-12-29,West,India,Pune,Furniture,Conference Table,Karan Patel,Corporate,9,40000,360000,209228.27,150771.73
2705,2025-11-26,North,India,Delhi,Furniture,Desk,Priya Mehta,Retail,4,15000,60000,43626.17,16373.83
2706,2025-11-06,South,India,Chennai,Electronics,Tablet,Karan Patel,Retail,19,20000,380000,285677.47,94322.53
2707,2025-10-21,East,India,Kolkata,Furniture,Conference Table,Karan Patel,Corporate,15,40000,600000,483401.95,116598.05
2708,2025-11-19,North,India,Chandigarh,Electronics,Smartphone,Priya Mehta,Corporate,19,30000,570000,344406.14,225593.86
2709,2025-05-10,West,India,Pune,Stationery,Printer Paper,Ananya Rao,Corporate,27,300,8100,6226.61,1873.39
2710,2025-06-16,South,India,Chennai,Electronics,Tablet,Vikram Singh,Retail,15,20000,300000,235533.88,64466.12
2711,2025-07-25,South,India,Chennai,Furniture,Desk,Rahul Nair,Corporate,18,15000,270000,201011.24,68988.76
2712,2025-04-27,North,India,Chandigarh,Electronics,Tablet,Vikram Singh,Retail,12,20000,240000,176381.0,63619.0
2713,2025-09-12,North,India,Delhi,Furniture,Conference Table,Karan Patel,Retail,13,40000,520000,334816.2,185183.8
2714,2025-06-22,East,India,Bhubaneswar,Stationery,Printer Paper,Ananya Rao,Retail,201,300,60300,41946.62,18353.38
2715,2025-10-25,South,India,Chennai,Electronics,Tablet,Vikram Singh,Retail,1,20000,20000,11668.88,8331.12
2716,2025-02-16,West,India,Pune,Furniture,Desk,Vikram Singh,Retail,3,15000,45000,27431.36,17568.64
2717,2025-07-17,East,India,Kolkata,Furniture,Desk,Vikram Singh,Retail,12,15000,180000,120424.86,59575.14
2718,2025-05-06,East,India,Kolkata,Electronics,Smartphone,Vikram Singh,Retail,15,30000,450000,359028.09,90971.91
2719,2025-04-26,West,India,Pune,Electronics,Smartphone,Neha Gupta,Retail,8,30000,240000,149665.33,90334.67
2720,2025-11-10,North,India,Chandigarh,Electronics,Tablet,Sneha Joshi,Corporate,8,20000,160000,134300.34,25699.66
2721,2025-10-25,South,India,Chennai,Furniture,Office Chair,Karan Patel,Corporate,6,5000,30000,24131.14,5868.86
2722,2025-07-09,East,India,Bhubaneswar,Stationery,Printer Paper,Neha Gupta,Corporate,225,300,67500,42462.04,25037.96
2723,2025-12-26,East,India,Kolkata,Electronics,Laptop,Rahul Nair,Retail,5,55000,275000,177787.16,97212.84
2724,2025-11-06,West,India,Mumbai,Furniture,Desk,Ananya Rao,Retail,11,15000,165000,95937.98,69062.02
2725,2025-08-24,West,India,Pune,Electronics,Tablet,Sneha Joshi,Corporate,19,20000,380000,304373.93,75626.07
2726,2025-10-14,North,India,Delhi,Electronics,Smartphone,Ananya Rao,Corporate,1,30000,30000,21539.63,8460.37
2727,2025-05-22,South,India,Chennai,Electronics,Laptop,Amit Sharma,Corporate,12,55000,660000,375951.73,284048.27
2728,2025-04-21,West,India,Pune,Furniture,Conference Table,Vikram Singh,Corporate,5,40000,200000,169172.4,30827.6
2729,2025-09-18,East,India,Bhubaneswar,Electronics,Smartphone,Rahul Nair,Corporate,19,30000,570000,450029.2,119970.8
2730,2025-07-03,North,India,Delhi,Furniture,Desk,Priya Mehta,Retail,2,15000,30000,22909.02,7090.98
2731,2025-05-08,West,India,Mumbai,Furniture,Conference Table,Rahul Nair,Retail,6,40000,240000,184744.06,55255.94
2732,2025-02-18,West,India,Pune,Furniture,Conference Table,Karan Patel,Corporate,4,40000,160000,103925.93,56074.07
2733,2025-06-25,West,India,Mumbai,Furniture,Conference Table,Priya Mehta,Corporate,16,40000,640000,378593.82,261406.18
2734,2025-09-13,East,India,Kolkata,Electronics,Smartphone,Rahul Nair,Corporate,14,30000,420000,341762.13,78237.87
2735,2025-11-28,West,India,Mumbai,Electronics,Smartphone,Ananya Rao,Corporate,8,30000,240000,157286.45,82713.55
2736,2025-11-07,North,India,Delhi,Furniture,Desk,Amit Sharma,Corporate,9,15000,135000,75076.23,59923.77
2737,2025-09-28,North,India,Delhi,Electronics,Smartphone,Amit Sharma,Corporate,1,30000,30000,25172.4,4827.6
2738,2025-10-18,West,India,Pune,Electronics,Tablet,Priya Mehta,Retail,1,20000,20000,15800.23,4199.77
2739,2025-10-02,South,India,Bengaluru,Furniture,Conference Table,Ananya Rao,Retail,20,40000,800000,559568.33,240431.67
2740,2025-08-14,South,India,Bengaluru,Furniture,Desk,Rahul Nair,Corporate,12,15000,180000,129995.19,50004.81
2741,2025-03-03,North,India,Chandigarh,Furniture,Desk,Vikram Singh,Retail,2,15000,30000,24917.64,5082.36
2742,2025-03-27,East,India,Kolkata,Furniture,Conference Table,Sneha Joshi,Retail,6,40000,240000,174487.66,65512.34
2743,2025-12-04,South,India,Chennai,Furniture,Desk,Sneha Joshi,Retail,11,15000,165000,137172.0,27828.0
2744,2025-05-03,North,India,Chandigarh,Electronics,Tablet,Neha Gupta,Corporate,8,20000,160000,105553.29,54446.71
2745,2025-09-03,North,India,Delhi,Electronics,Tablet,Priya Mehta,Corporate,2,20000,40000,32999.33,7000.67
2746,2025-05-25,West,India,Pune,Stationery,Printer Paper,Rahul Nair,Corporate,159,300,47700,35439.17,12260.83
2747,2025-07-13,South,India,Bengaluru,Electronics,Tablet,Sneha Joshi,Retail,14,20000,280000,187956.0,92044.0
2748,2025-11-09,West,India,Pune,Electronics,Laptop,Vikram Singh,Corporate,11,55000,605000,434617.42,170382.58
2749,2025-09-28,East,India,Kolkata,Stationery,Printer Paper,Neha Gupta,Retail,195,300,58500,44440.72,14059.28
2750,2025-11-25,East,India,Bhubaneswar,Furniture,Desk,Amit Sharma,Retail,19,15000,285000,203158.29,81841.71
2751,2025-10-03,North,India,Delhi,Electronics,Tablet,Karan Patel,Retail,13,20000,260000,157682.64,102317.36
2752,2025-02-20,East,India,Bhubaneswar,Furniture,Conference Table,Rahul Nair,Retail,2,40000,80000,65855.89,14144.11
2753,2025-10-20,East,India,Kolkata,Electronics,Laptop,Amit Sharma,Corporate,7,55000,385000,268954.29,116045.71
2754,2025-01-03,South,India,Bengaluru,Furniture,Conference Table,Ananya Rao,Retail,4,40000,160000,132366.99,27633.01
2755,2025-07-25,West,India,Mumbai,Stationery,Printer Paper,Rahul Nair,Retail,78,300,23400,15479.92,7920.08
2756,2025-08-05,South,India,Chennai,Furniture,Desk,Neha Gupta,Corporate,9,15000,135000,109968.76,25031.24
2757,2025-07-31,West,India,Pune,Furniture,Conference Table,Vikram Singh,Retail,1,40000,40000,26990.65,13009.35
2758,2025-12-21,West,India,Pune,Electronics,Tablet,Amit Sharma,Corporate,20,20000,400000,221251.56,178748.44
2759,2025-02-28,South,India,Bengaluru,Furniture,Conference Table,Rahul Nair,Corporate,8,40000,320000,182770.34,137229.66
2760,2025-05-12,North,India,Chandigarh,Electronics,Smartphone,Vikram Singh,Corporate,18,30000,540000,350035.33,189964.67
2761,2025-03-03,East,India,Bhubaneswar,Stationery,Printer Paper,Neha Gupta,Retail,165,300,49500,31108.26,18391.74
2762,2025-01-19,West,India,Pune,Electronics,Smartphone,Sneha Joshi,Retail,5,30000,150000,105820.15,44179.85
2763,2025-04-05,North,India,Delhi,Electronics,Smartphone,Priya Mehta,Retail,2,30000,60000,47995.71,12004.29
2764,2025-03-15,West,India,Pune,Furniture,Desk,Amit Sharma,Retail,12,15000,180000,122657.86,57342.14
2765,2025-01-08,South,India,Bengaluru,Furniture,Conference Table,Ananya Rao,Corporate,11,40000,440000,247776.04,192223.96
2766,2025-11-26,South,India,Bengaluru,Electronics,Tablet,Karan Patel,Corporate,15,20000,300000,183058.44,116941.56
2767,2025-04-05,South,India,Bengaluru,Electronics,Tablet,Ananya Rao,Corporate,17,20000,340000,193492.24,146507.76
2768,2025-05-06,North,India,Chandigarh,Stationery,Printer Paper,Rahul Nair,Retail,132,300,39600,22604.27,16995.73
2769,2025-07-29,East,India,Kolkata,Electronics,Laptop,Rahul Nair,Corporate,4,55000,220000,166194.35,53805.65
2770,2025-12-17,East,India,Kolkata,Electronics,Laptop,Amit Sharma,Corporate,5,55000,275000,225625.37,49374.63
2771,2025-10-18,North,India,Delhi,Furniture,Desk,Neha Gupta,Retail,2,15000,30000,23823.35,6176.65
2772,2025-11-27,North,India,Chandigarh,Electronics,Laptop,Vikram Singh,Corporate,16,55000,880000,731423.69,148576.31
2773,2025-11-10,West,India,Pune,Furniture,Conference Table,Ananya Rao,Corporate,8,40000,320000,241556.59,78443.41
2774,2025-07-04,West,India,Mumbai,Electronics,Smartphone,Rahul Nair,Corporate,15,30000,450000,319921.38,130078.62
2775,2025-07-08,South,India,Bengaluru,Furniture,Office Chair,Karan Patel,Corporate,9,5000,45000,36656.16,8343.84
2776,2025-10-05,South,India,Bengaluru,Electronics,Laptop,Karan Patel,Retail,15,55000,825000,555316.93,269683.07
2777,2025-08-02,East,India,Bhubaneswar,Electronics,Smartphone,Sneha Joshi,Corporate,13,30000,390000,263773.46,126226.54
2778,2025-12-07,West,India,Pune,Furniture,Office Chair,Rahul Nair,Retail,12,5000,60000,39080.42,20919.58
2779,2025-12-04,South,India,Chennai,Electronics,Smartphone,Sneha Joshi,Corporate,7,30000,210000,151308.36,58691.64
2780,2025-03-14,East,India,Bhubaneswar,Furniture,Conference Table,Priya Mehta,Corporate,10,40000,400000,245621.64,154378.36
2781,2025-07-31,East,India,Kolkata,Stationery,Printer Paper,Neha Gupta,Retail,218,300,65400,53041.58,12358.42
2782,2025-09-22,East,India,Bhubaneswar,Furniture,Desk,Rahul Nair,Corporate,6,15000,90000,67310.59,22689.41
2783,2025-12-08,North,India,Delhi,Furniture,Conference Table,Vikram Singh,Retail,7,40000,280000,186421.54,93578.46
2784,2025-06-12,West,India,Pune,Furniture,Desk,Neha Gupta,Retail,7,15000,105000,62496.52,42503.48
2785,2025-11-10,West,India,Mumbai,Electronics,Tablet,Priya Mehta,Retail,20,20000,400000,331962.43,68037.57
2786,2025-01-28,North,India,Chandigarh,Electronics,Laptop,Priya Mehta,Corporate,1,55000,55000,45432.83,9567.17
2787,2025-06-07,East,India,Kolkata,Electronics,Smartphone,Ananya Rao,Corporate,5,30000,150000,125608.05,24391.95
2788,2025-05-29,West,India,Pune,Furniture,Office Chair,Priya Mehta,Retail,11,5000,55000,41859.45,13140.55
2789,2025-11-13,South,India,Chennai,Electronics,Smartphone,Rahul Nair,Corporate,14,30000,420000,245923.5,174076.5
2790,2025-12-06,East,India,Kolkata,Furniture,Conference Table,Sneha Joshi,Retail,8,40000,320000,269707.97,50292.03
2791,2025-09-02,North,India,Delhi,Electronics,Smartphone,Amit Sharma,Corporate,13,30000,390000,269819.13,120180.87
2792,2025-01-11,West,India,Pune,Furniture,Desk,Ananya Rao,Corporate,19,15000,285000,172296.78,112703.22
2793,2025-11-16,North,India,Chandigarh,Electronics,Tablet,Karan Patel,Retail,3,20000,60000,36190.24,23809.76
2794,2025-11-21,North,India,Chandigarh,Stationery,Printer Paper,Vikram Singh,Retail,191,300,57300,34903.7,22396.3
2795,2025-10-30,East,India,Bhubaneswar,Furniture,Desk,Rahul Nair,Corporate,16,15000,240000,133148.8,106851.2
2796,2025-09-24,East,India,Kolkata,Electronics,Smartphone,Sneha Joshi,Corporate,17,30000,510000,323377.61,186622.39
2797,2025-05-15,South,India,Chennai,Electronics,Laptop,Karan Patel,Corporate,8,55000,440000,334467.96,105532.04
2798,2025-06-20,North,India,Delhi,Electronics,Tablet,Rahul Nair,Retail,15,20000,300000,224346.95,75653.05
2799,2025-08-29,North,India,Chandigarh,Electronics,Tablet,Karan Patel,Retail,13,20000,260000,158572.11,101427.89
2800,2025-09-20,East,India,Bhubaneswar,Furniture,Conference Table,Karan Patel,Corporate,13,40000,520000,338359.05,181640.95
2801,2025-09-08,South,India,Chennai,Electronics,Tablet,Vikram Singh,Retail,9,20000,180000,128828.66,51171.34
2802,2025-06-13,West,India,Mumbai,Furniture,Conference Table,Amit Sharma,Retail,3,40000,120000,94997.11,25002.89
2803,2025-02-03,North,India,Delhi,Electronics,Smartphone,Neha Gupta,Retail,3,30000,90000,54281.89,35718.11
2804,2025-06-24,North,India,Delhi,Electronics,Laptop,Rahul Nair,Corporate,1,55000,55000,42402.31,12597.69
2805,2025-03-04,East,India,Kolkata,Stationery,Printer Paper,Rahul Nair,Retail,190,300,57000,33159.74,23840.26
2806,2025-02-16,North,India,Delhi,Electronics,Smartphone,Karan Patel,Retail,3,30000,90000,68892.87,21107.13
2807,2025-11-17,South,India,Bengaluru,Electronics,Laptop,Sneha Joshi,Retail,3,55000,165000,109901.6,55098.4
2808,2025-12-13,West,India,Mumbai,Furniture,Desk,Sneha Joshi,Retail,6,15000,90000,62168.68,27831.32
2809,2025-05-15,North,India,Delhi,Electronics,Laptop,Neha Gupta,Retail,6,55000,330000,277944.85,52055.15
2810,2025-04-27,North,India,Delhi,Electronics,Smartphone,Karan Patel,Corporate,6,30000,180000,144825.28,35174.72
2811,2025-05-09,West,India,Pune,Furniture,Desk,Neha Gupta,Retail,10,15000,150000,92321.62,57678.38
2812,2025-02-02,East,India,Bhubaneswar,Electronics,Tablet,Ananya Rao,Retail,6,20000,120000,68327.52,51672.48
2813,2025-12-12,West,India,Mumbai,Electronics,Laptop,Ananya Rao,Corporate,15,55000,825000,456719.74,368280.26
2814,2025-06-13,North,India,Chandigarh,Furniture,Desk,Ananya Rao,Corporate,9,15000,135000,103699.53,31300.47
2815,2025-06-10,East,India,Kolkata,Furniture,Office Chair,Neha Gupta,Retail,10,5000,50000,38951.19,11048.81
2816,2025-08-25,North,India,Chandigarh,Furniture,Conference Table,Karan Patel,Corporate,12,40000,480000,323001.47,156998.53
2817,2025-07-17,West,India,Pune,Furniture,Office Chair,Amit Sharma,Retail,5,5000,25000,14815.62,10184.38
2818,2025-01-08,East,India,Bhubaneswar,Furniture,Office Chair,Rahul Nair,Retail,5,5000,25000,16745.64,8254.36
2819,2025-08-30,South,India,Bengaluru,Electronics,Smartphone,Vikram Singh,Corporate,4,30000,120000,66590.02,53409.98
2820,2025-06-05,South,India,Chennai,Electronics,Laptop,Neha Gupta,Retail,16,55000,880000,587549.22,292450.78
2821,2025-03-23,West,India,Pune,Furniture,Desk,Amit Sharma,Corporate,16,15000,240000,163165.65,76834.35
2822,2025-11-08,North,India,Chandigarh,Electronics,Laptop,Rahul Nair,Retail,11,55000,605000,460893.38,144106.62
2823,2025-01-07,West,India,Pune,Stationery,Printer Paper,Rahul Nair,Corporate,75,300,22500,15185.33,7314.67
2824,2025-03-04,East,India,Kolkata,Furniture,Conference Table,Vikram Singh,Corporate,20,40000,800000,542959.38,257040.62
2825,2025-07-09,East,India,Bhubaneswar,Stationery,Printer Paper,Priya Mehta,Retail,196,300,58800,47582.68,11217.32
2826,2025-06-17,West,India,Mumbai,Electronics,Tablet,Ananya Rao,Corporate,14,20000,280000,174673.23,105326.77
2827,2025-06-19,East,India,Kolkata,Furniture,Desk,Rahul Nair,Corporate,11,15000,165000,119322.38,45677.62
2828,2025-05-08,South,India,Chennai,Furniture,Conference Table,Sneha Joshi,Retail,19,40000,760000,556940.26,203059.74
2829,2025-03-17,East,India,Bhubaneswar,Furniture,Desk,Priya Mehta,Corporate,4,15000,60000,39914.58,20085.42
2830,2025-07-19,West,India,Mumbai,Furniture,Desk,Vikram Singh,Retail,9,15000,135000,76960.48,58039.52
2831,2025-05-07,East,India,Kolkata,Stationery,Printer Paper,Amit Sharma,Corporate,219,300,65700,37298.31,28401.69
2832,2025-03-16,East,India,Bhubaneswar,Stationery,Printer Paper,Ananya Rao,Corporate,178,300,53400,37100.5,16299.5
2833,2025-11-27,East,India,Kolkata,Furniture,Desk,Priya Mehta,Corporate,18,15000,270000,164704.73,105295.27
2834,2025-09-16,North,India,Chandigarh,Furniture,Conference Table,Neha Gupta,Corporate,7,40000,280000,197974.18,82025.82
2835,2025-04-15,West,India,Mumbai,Furniture,Conference Table,Vikram Singh,Retail,1,40000,40000,25578.12,14421.88
2836,2025-08-27,North,India,Delhi,Furniture,Conference Table,Sneha Joshi,Corporate,14,40000,560000,321223.22,238776.78
2837,2025-02-25,South,India,Chennai,Furniture,Desk,Sneha Joshi,Corporate,15,15000,225000,174946.16,50053.84
2838,2025-03-25,South,India,Bengaluru,Furniture,Conference Table,Ananya Rao,Retail,20,40000,800000,548800.04,251199.96
2839,2025-07-08,North,India,Delhi,Electronics,Laptop,Ananya Rao,Corporate,11,55000,605000,433042.38,171957.62
2840,2025-07-22,North,India,Delhi,Furniture,Conference Table,Ananya Rao,Retail,14,40000,560000,416583.16,143416.84
2841,2025-01-21,East,India,Kolkata,Electronics,Tablet,Rahul Nair,Corporate,19,20000,380000,295240.02,84759.98
2842,2025-09-25,North,India,Delhi,Electronics,Laptop,Neha Gupta,Retail,5,55000,275000,163754.52,111245.48
2843,2025-06-25,East,India,Kolkata,Electronics,Tablet,Sneha Joshi,Corporate,11,20000,220000,126356.48,93643.52
2844,2025-07-22,North,India,Delhi,Furniture,Desk,Priya Mehta,Retail,14,15000,210000,155934.58,54065.42
2845,2025-05-14,West,India,Mumbai,Electronics,Smartphone,Neha Gupta,Retail,4,30000,120000,93459.51,26540.49
2846,2025-01-22,North,India,Delhi,Electronics,Laptop,Neha Gupta,Retail,8,55000,440000,305187.51,134812.49
2847,2025-11-21,South,India,Chennai,Furniture,Desk,Amit Sharma,Corporate,11,15000,165000,106736.04,58263.96
2848,2025-01-21,West,India,Mumbai,Electronics,Laptop,Amit Sharma,Retail,14,55000,770000,550557.18,219442.82
2849,2025-12-26,South,India,Bengaluru,Furniture,Desk,Ananya Rao,Retail,16,15000,240000,132514.97,107485.03
2850,2025-11-18,West,India,Pune,Electronics,Smartphone,Vikram Singh,Corporate,5,30000,150000,106630.35,43369.65
2851,2025-05-12,West,India,Pune,Electronics,Smartphone,Neha Gupta,Corporate,7,30000,210000,163012.8,46987.2
2852,2025-08-20,East,India,Kolkata,Furniture,Office Chair,Sneha Joshi,Corporate,4,5000,20000,14902.78,5097.22
2853,2025-02-24,South,India,Bengaluru,Electronics,Smartphone,Neha Gupta,Corporate,4,30000,120000,67499.76,52500.24
2854,2025-01-28,South,India,Bengaluru,Furniture,Desk,Vikram Singh,Retail,10,15000,150000,98742.22,51257.78
2855,2025-04-03,North,India,Chandigarh,Electronics,Tablet,Neha Gupta,Corporate,1,20000,20000,12298.54,7701.46
2856,2025-07-20,West,India,Mumbai,Furniture,Conference Table,Sneha Joshi,Corporate,11,40000,440000,302440.73,137559.27
2857,2025-05-08,East,India,Kolkata,Stationery,Printer Paper,Priya Mehta,Retail,190,300,57000,46010.84,10989.16
2858,2025-05-21,North,India,Delhi,Furniture,Desk,Vikram Singh,Corporate,2,15000,30000,24214.49,5785.51
2859,2025-02-19,West,India,Mumbai,Furniture,Conference Table,Ananya Rao,Retail,19,40000,760000,637155.51,122844.49
2860,2025-08-02,South,India,Bengaluru,Furniture,Office Chair,Vikram Singh,Retail,12,5000,60000,34369.79,25630.21
2861,2025-04-15,North,India,Delhi,Electronics,Tablet,Amit Sharma,Corporate,5,20000,100000,62881.77,37118.23
2862,2025-05-01,South,India,Chennai,Electronics,Laptop,Vikram Singh,Corporate,4,55000,220000,126682.29,93317.71
2863,2025-12-21,North,India,Delhi,Furniture,Conference Table,Neha Gupta,Retail,19,40000,760000,527377.3,232622.7
2864,2025-09-12,West,India,Pune,Furniture,Conference Table,Sneha Joshi,Corporate,13,40000,520000,290664.11,229335.89
2865,2025-12-03,South,India,Bengaluru,Electronics,Laptop,Vikram Singh,Corporate,19,55000,1045000,856087.44,188912.56
2866,2025-05-20,West,India,Mumbai,Electronics,Smartphone,Neha Gupta,Corporate,9,30000,270000,150477.44,119522.56
2867,2025-08-11,North,India,Chandigarh,Furniture,Conference Table,Neha Gupta,Retail,2,40000,80000,64964.5,15035.5
2868,2025-08-22,East,India,Bhubaneswar,Electronics,Tablet,Rahul Nair,Corporate,3,20000,60000,43764.88,16235.12
2869,2025-06-14,East,India,Bhubaneswar,Furniture,Conference Table,Karan Patel,Retail,18,40000,720000,512805.68,207194.32
2870,2025-05-30,West,India,Mumbai,Electronics,Tablet,Sneha Joshi,Corporate,15,20000,300000,253516.15,46483.85
2871,2025-03-12,East,India,Bhubaneswar,Furniture,Office Chair,Ananya Rao,Corporate,3,5000,15000,10959.68,4040.32
2872,2025-03-26,West,India,Mumbai,Stationery,Printer Paper,Ananya Rao,Retail,158,300,47400,38324.8,9075.2
2873,2025-10-21,East,India,Kolkata,Furniture,Desk,Neha Gupta,Corporate,6,15000,90000,72479.64,17520.36
2874,2025-09-14,North,India,Delhi,Stationery,Printer Paper,Priya Mehta,Retail,127,300,38100,31021.66,7078.34
2875,2025-12-17,East,India,Bhubaneswar,Furniture,Desk,Sneha Joshi,Retail,6,15000,90000,69472.2,20527.8
2876,2025-07-22,East,India,Bhubaneswar,Furniture,Conference Table,Neha Gupta,Corporate,12,40000,480000,342976.9,137023.1
2877,2025-11-26,West,India,Pune,Furniture,Conference Table,Rahul Nair,Retail,4,40000,160000,98839.11,61160.89
2878,2025-09-11,North,India,Delhi,Stationery,Printer Paper,Priya Mehta,Corporate,149,300,44700,35312.13,9387.87
2879,2025-04-18,South,India,Bengaluru,Stationery,Printer Paper,Neha Gupta,Retail,123,300,36900,23647.63,13252.37
2880,2025-04-06,North,India,Delhi,Electronics,Laptop,Priya Mehta,Corporate,10,55000,550000,322477.46,227522.54
2881,2025-12-05,West,India,Pune,Electronics,Laptop,Amit Sharma,Corporate,14,55000,770000,641766.03,128233.97
2882,2025-08-08,East,India,Bhubaneswar,Furniture,Office Chair,Amit Sharma,Corporate,12,5000,60000,36752.07,23247.93
2883,2025-05-11,North,India,Chandigarh,Furniture,Office Chair,Karan Patel,Retail,11,5000,55000,36049.7,18950.3
2884,2025-06-29,West,India,Pune,Furniture,Conference Table,Amit Sharma,Corporate,19,40000,760000,559412.83,200587.17
2885,2025-10-06,North,India,Delhi,Furniture,Office Chair,Priya Mehta,Retail,3,5000,15000,10386.92,4613.08
2886,2025-05-04,North,India,Chandigarh,Furniture,Office Chair,Amit Sharma,Corporate,13,5000,65000,50356.52,14643.48
2887,2025-07-30,East,India,Kolkata,Furniture,Desk,Amit Sharma,Retail,15,15000,225000,138367.49,86632.51
2888,2025-04-03,North,India,Chandigarh,Furniture,Desk,Vikram Singh,Corporate,15,15000,225000,128414.22,96585.78
2889,2025-09-22,North,India,Chandigarh,Electronics,Tablet,Rahul Nair,Corporate,19,20000,380000,222414.22,157585.78
2890,2025-11-04,East,India,Bhubaneswar,Stationery,Printer Paper,Karan Patel,Retail,61,300,18300,10283.59,8016.41
2891,2025-09-06,South,India,Bengaluru,Stationery,Printer Paper,Amit Sharma,Corporate,39,300,11700,7133.92,4566.08
2892,2025-04-04,South,India,Bengaluru,Stationery,Printer Paper,Ananya Rao,Corporate,116,300,34800,19598.05,15201.95
2893,2025-03-01,South,India,Bengaluru,Furniture,Conference Table,Rahul Nair,Retail,15,40000,600000,475515.33,124484.67
2894,2025-08-13,South,India,Chennai,Furniture,Conference Table,Ananya Rao,Corporate,20,40000,800000,575064.98,224935.02
2895,2025-07-08,North,India,Delhi,Furniture,Conference Table,Karan Patel,Corporate,17,40000,680000,557128.65,122871.35
2896,2025-08-05,North,India,Delhi,Electronics,Tablet,Priya Mehta,Retail,14,20000,280000,200811.65,79188.35
2897,2025-09-17,East,India,Kolkata,Furniture,Conference Table,Rahul Nair,Retail,12,40000,480000,332346.07,147653.93
2898,2025-12-07,North,India,Delhi,Electronics,Smartphone,Sneha Joshi,Corporate,3,30000,90000,64901.36,25098.64
2899,2025-12-03,East,India,Kolkata,Furniture,Office Chair,Karan Patel,Retail,3,5000,15000,12618.89,2381.11
2900,2025-03-10,North,India,Chandigarh,Electronics,Smartphone,Amit Sharma,Corporate,7,30000,210000,124785.4,85214.6
2901,2025-12-07,North,India,Chandigarh,Furniture,Desk,Amit Sharma,Corporate,1,15000,15000,8757.39,6242.61
2902,2025-04-20,South,India,Bengaluru,Electronics,Tablet,Sneha Joshi,Corporate,8,20000,160000,129308.11,30691.89
2903,2025-10-11,West,India,Mumbai,Electronics,Smartphone,Rahul Nair,Retail,4,30000,120000,72207.05,47792.95
2904,2025-09-20,South,India,Bengaluru,Stationery,Printer Paper,Rahul Nair,Retail,214,300,64200,36619.56,27580.44
2905,2025-04-26,West,India,Pune,Stationery,Printer Paper,Karan Patel,Retail,180,300,54000,35559.9,18440.1
2906,2025-01-15,West,India,Mumbai,Electronics,Laptop,Ananya Rao,Corporate,11,55000,605000,474434.71,130565.29
2907,2025-03-07,West,India,Pune,Furniture,Desk,Karan Patel,Retail,8,15000,120000,92949.91,27050.09
2908,2025-02-08,South,India,Chennai,Furniture,Desk,Amit Sharma,Corporate,17,15000,255000,162253.52,92746.48
2909,2025-03-16,North,India,Delhi,Furniture,Desk,Ananya Rao,Corporate,3,15000,45000,34260.4,10739.6
2910,2025-06-24,West,India,Pune,Electronics,Tablet,Ananya Rao,Corporate,15,20000,300000,223515.02,76484.98
2911,2025-12-19,West,India,Mumbai,Furniture,Desk,Sneha Joshi,Corporate,16,15000,240000,159798.76,80201.24
2912,2025-09-30,North,India,Delhi,Furniture,Conference Table,Vikram Singh,Corporate,16,40000,640000,539243.52,100756.48
2913,2025-04-27,East,India,Bhubaneswar,Stationery,Printer Paper,Ananya Rao,Retail,93,300,27900,20320.41,7579.59
2914,2025-06-21,South,India,Chennai,Electronics,Tablet,Vikram Singh,Corporate,10,20000,200000,121510.79,78489.21
2915,2025-03-13,West,India,Pune,Furniture,Conference Table,Neha Gupta,Corporate,7,40000,280000,218538.38,61461.62
2916,2025-03-30,East,India,Kolkata,Electronics,Smartphone,Vikram Singh,Retail,15,30000,450000,326036.12,123963.88
2917,2025-11-28,South,India,Chennai,Furniture,Desk,Ananya Rao,Retail,11,15000,165000,99812.35,65187.65
2918,2025-08-24,West,India,Pune,Furniture,Office Chair,Rahul Nair,Corporate,9,5000,45000,37338.53,7661.47
2919,2025-10-09,North,India,Chandigarh,Electronics,Tablet,Amit Sharma,Retail,4,20000,80000,67196.33,12803.67
2920,2025-08-21,South,India,Chennai,Stationery,Printer Paper,Karan Patel,Retail,85,300,25500,21122.71,4377.29
2921,2025-09-08,East,India,Kolkata,Electronics,Laptop,Sneha Joshi,Corporate,14,55000,770000,568594.04,201405.96
2922,2025-03-04,West,India,Pune,Electronics,Tablet,Amit Sharma,Retail,4,20000,80000,47353.46,32646.54
2923,2025-05-18,North,India,Delhi,Electronics,Tablet,Priya Mehta,Corporate,4,20000,80000,57163.78,22836.22
2924,2025-02-27,South,India,Chennai,Electronics,Laptop,Vikram Singh,Corporate,19,55000,1045000,593522.34,451477.66
2925,2025-11-06,West,India,Pune,Electronics,Smartphone,Ananya Rao,Retail,8,30000,240000,147871.51,92128.49
2926,2025-04-23,South,India,Bengaluru,Electronics,Laptop,Karan Patel,Retail,18,55000,990000,717983.64,272016.36
2927,2025-11-11,North,India,Chandigarh,Electronics,Smartphone,Sneha Joshi,Retail,3,30000,90000,64923.49,25076.51
2928,2025-08-24,North,India,Delhi,Electronics,Smartphone,Rahul Nair,Retail,14,30000,420000,258842.66,161157.34
2929,2025-06-07,East,India,Bhubaneswar,Electronics,Laptop,Karan Patel,Corporate,1,55000,55000,34189.72,20810.28
2930,2025-07-29,South,India,Chennai,Electronics,Smartphone,Sneha Joshi,Retail,4,30000,120000,96502.16,23497.84
2931,2025-01-12,West,India,Pune,Stationery,Printer Paper,Neha Gupta,Corporate,177,300,53100,41163.56,11936.44
2932,2025-06-14,West,India,Mumbai,Stationery,Printer Paper,Sneha Joshi,Corporate,244,300,73200,51765.62,21434.38
2933,2025-12-27,West,India,Mumbai,Furniture,Desk,Karan Patel,Retail,7,15000,105000,69498.27,35501.73
2934,2025-07-27,West,India,Pune,Electronics,Smartphone,Neha Gupta,Corporate,7,30000,210000,135295.34,74704.66
2935,2025-01-13,South,India,Bengaluru,Furniture,Office Chair,Priya Mehta,Corporate,20,5000,100000,81331.92,18668.08
2936,2025-07-15,North,India,Delhi,Furniture,Office Chair,Sneha Joshi,Corporate,19,5000,95000,62087.75,32912.25
2937,2025-06-28,West,India,Mumbai,Furniture,Office Chair,Vikram Singh,Corporate,3,5000,15000,10218.13,4781.87
2938,2025-10-27,East,India,Kolkata,Furniture,Office Chair,Amit Sharma,Corporate,6,5000,30000,18016.87,11983.13
2939,2025-03-23,East,India,Kolkata,Electronics,Laptop,Amit Sharma,Corporate,8,55000,440000,253876.37,186123.63
2940,2025-05-31,North,India,Delhi,Furniture,Desk,Karan Patel,Corporate,9,15000,135000,92600.58,42399.42
2941,2025-09-24,South,India,Bengaluru,Electronics,Smartphone,Neha Gupta,Retail,14,30000,420000,270261.39,149738.61
2942,2025-08-29,North,India,Chandigarh,Furniture,Desk,Rahul Nair,Retail,6,15000,90000,57282.56,32717.44
2943,2025-02-09,North,India,Delhi,Stationery,Printer Paper,Priya Mehta,Corporate,70,300,21000,15346.6,5653.4
2944,2025-10-11,South,India,Chennai,Furniture,Desk,Rahul Nair,Retail,4,15000,60000,47023.07,12976.93
2945,2025-03-29,South,India,Chennai,Electronics,Smartphone,Amit Sharma,Retail,1,30000,30000,19429.3,10570.7
2946,2025-03-21,West,India,Mumbai,Electronics,Smartphone,Neha Gupta,Corporate,6,30000,180000,101610.6,78389.4
2947,2025-12-30,East,India,Kolkata,Furniture,Office Chair,Neha Gupta,Retail,8,5000,40000,27459.33,12540.67
2948,2025-05-28,North,India,Chandigarh,Electronics,Laptop,Sneha Joshi,Corporate,13,55000,715000,422401.46,292598.54
2949,2025-09-24,West,India,Pune,Furniture,Desk,Karan Patel,Corporate,15,15000,225000,188692.08,36307.92
2950,2025-03-06,West,India,Mumbai,Electronics,Smartphone,Neha Gupta,Retail,17,30000,510000,411762.81,98237.19
2951,2025-07-31,East,India,Bhubaneswar,Stationery,Printer Paper,Karan Patel,Corporate,96,300,28800,16838.23,11961.77
2952,2025-01-09,East,India,Kolkata,Electronics,Laptop,Karan Patel,Retail,11,55000,605000,421180.72,183819.28
2953,2025-03-13,West,India,Pune,Stationery,Printer Paper,Karan Patel,Retail,171,300,51300,40381.17,10918.83
2954,2025-05-10,South,India,Chennai,Electronics,Laptop,Karan Patel,Corporate,8,55000,440000,361283.61,78716.39
2955,2025-08-01,West,India,Mumbai,Electronics,Tablet,Neha Gupta,Retail,7,20000,140000,96458.57,43541.43
2956,2025-08-27,North,India,Chandigarh,Electronics,Tablet,Karan Patel,Retail,12,20000,240000,135824.59,104175.41
2957,2025-01-21,East,India,Bhubaneswar,Electronics,Tablet,Priya Mehta,Corporate,17,20000,340000,243263.89,96736.11
2958,2025-03-26,East,India,Kolkata,Electronics,Smartphone,Priya Mehta,Retail,10,30000,300000,247978.68,52021.32
2959,2025-11-19,East,India,Bhubaneswar,Electronics,Laptop,Amit Sharma,Corporate,1,55000,55000,38656.86,16343.14
2960,2025-11-15,West,India,Pune,Electronics,Tablet,Vikram Singh,Corporate,20,20000,400000,275234.92,124765.08
2961,2025-08-13,North,India,Chandigarh,Stationery,Printer Paper,Karan Patel,Retail,152,300,45600,33091.3,12508.7
2962,2025-08-14,North,India,Chandigarh,Electronics,Smartphone,Rahul Nair,Retail,13,30000,390000,253127.79,136872.21
2963,2025-07-21,South,India,Bengaluru,Electronics,Laptop,Amit Sharma,Retail,20,55000,1100000,731683.55,368316.45
2964,2025-10-19,East,India,Kolkata,Electronics,Laptop,Karan Patel,Retail,5,55000,275000,167295.71,107704.29
2965,2025-04-18,West,India,Mumbai,Furniture,Desk,Priya Mehta,Retail,19,15000,285000,178565.14,106434.86
2966,2025-04-23,North,India,Chandigarh,Electronics,Tablet,Rahul Nair,Corporate,16,20000,320000,251553.17,68446.83
2967,2025-06-25,North,India,Chandigarh,Electronics,Laptop,Sneha Joshi,Corporate,15,55000,825000,654643.22,170356.78
2968,2025-12-08,East,India,Bhubaneswar,Furniture,Conference Table,Neha Gupta,Retail,11,40000,440000,311525.61,128474.39
2969,2025-09-18,North,India,Chandigarh,Furniture,Office Chair,Sneha Joshi,Corporate,16,5000,80000,50532.52,29467.48
2970,2025-05-12,North,India,Delhi,Furniture,Desk,Rahul Nair,Retail,10,15000,150000,118575.32,31424.68
2971,2025-02-20,South,India,Chennai,Electronics,Smartphone,Karan Patel,Corporate,15,30000,450000,369698.58,80301.42
2972,2025-05-05,West,India,Mumbai,Furniture,Desk,Sneha Joshi,Retail,11,15000,165000,105554.68,59445.32
2973,2025-08-10,East,India,Kolkata,Electronics,Laptop,Karan Patel,Corporate,14,55000,770000,517268.61,252731.39
2974,2025-05-01,North,India,Chandigarh,Electronics,Tablet,Sneha Joshi,Corporate,12,20000,240000,140512.3,99487.7
2975,2025-05-27,South,India,Bengaluru,Furniture,Office Chair,Rahul Nair,Corporate,14,5000,70000,56338.45,13661.55
2976,2025-02-12,South,India,Bengaluru,Furniture,Desk,Priya Mehta,Retail,11,15000,165000,120125.58,44874.42
2977,2025-02-17,North,India,Delhi,Electronics,Smartphone,Amit Sharma,Retail,18,30000,540000,366423.9,173576.1
2978,2025-07-07,West,India,Pune,Electronics,Smartphone,Priya Mehta,Retail,2,30000,60000,35402.7,24597.3
2979,2025-10-26,South,India,Bengaluru,Electronics,Tablet,Amit Sharma,Retail,11,20000,220000,127598.11,92401.89
2980,2025-09-09,South,India,Bengaluru,Stationery,Printer Paper,Vikram Singh,Corporate,63,300,18900,15481.31,3418.69
2981,2025-02-03,North,India,Chandigarh,Stationery,Printer Paper,Vikram Singh,Retail,176,300,52800,33545.61,19254.39
2982,2025-05-26,North,India,Delhi,Furniture,Office Chair,Karan Patel,Corporate,20,5000,100000,61713.76,38286.24
2983,2025-07-03,South,India,Chennai,Furniture,Conference Table,Vikram Singh,Corporate,16,40000,640000,507571.99,132428.01
2984,2025-06-08,West,India,Pune,Stationery,Printer Paper,Neha Gupta,Retail,80,300,24000,18918.65,5081.35
2985,2025-01-31,West,India,Mumbai,Electronics,Smartphone,Rahul Nair,Retail,5,30000,150000,84155.89,65844.11
2986,2025-05-25,West,India,Pune,Electronics,Smartphone,Ananya Rao,Retail,5,30000,150000,115024.64,34975.36
2987,2025-11-26,West,India,Pune,Furniture,Office Chair,Neha Gupta,Corporate,14,5000,70000,41074.99,28925.01
2988,2025-06-26,North,India,Delhi,Electronics,Tablet,Amit Sharma,Retail,6,20000,120000,80068.59,39931.41
2989,2025-08-26,East,India,Bhubaneswar,Furniture,Office Chair,Ananya Rao,Corporate,6,5000,30000,23812.67,6187.33
2990,2025-12-29,South,India,Chennai,Stationery,Printer Paper,Ananya Rao,Retail,103,300,30900,23903.76,6996.24
2991,2025-05-09,North,India,Chandigarh,Stationery,Printer Paper,Priya Mehta,Corporate,220,300,66000,39550.75,26449.25
2992,2025-05-03,East,India,Bhubaneswar,Electronics,Smartphone,Vikram Singh,Retail,2,30000,60000,48915.94,11084.06
2993,2025-11-20,South,India,Chennai,Furniture,Office Chair,Ananya Rao,Corporate,2,5000,10000,7812.58,2187.42
2994,2025-09-14,East,India,Kolkata,Electronics,Laptop,Neha Gupta,Retail,4,55000,220000,152864.69,67135.31
2995,2025-07-20,East,India,Kolkata,Furniture,Conference Table,Karan Patel,Retail,17,40000,680000,429782.99,250217.01
2996,2025-10-03,West,India,Pune,Furniture,Conference Table,Amit Sharma,Corporate,19,40000,760000,542744.09,217255.91
2997,2025-02-02,East,India,Bhubaneswar,Electronics,Laptop,Karan Patel,Corporate,14,55000,770000,559632.98,210367.02
2998,2025-05-16,South,India,Chennai,Electronics,Tablet,Amit Sharma,Retail,19,20000,380000,234410.55,145589.45
2999,2025-04-28,East,India,Kolkata,Furniture,Office Chair,Neha Gupta,Corporate,9,5000,45000,24807.85,20192.15
3000,2025-02-08,South,India,Chennai,Furniture,Office Chair,Karan Patel,Retail,1,5000,5000,3395.02,1604.98
